frag_name,size,price,fill_percent,status
Aventus,100.0,100.0,50.0,
Royal Mayfair,,,,
Designers,1.0,7.0,,
Only used about 5 sprays.,,5.0,,
LV,200.0,2025.0,,
Bundle only -,2.0,48.0,,
Xerjoff Alexandria 3 - 14/15ml -,15.0,3.0,,
PayPal Goods,100.0,558.0,97.0,SOLD
Sphinx,,,,
Link](https://imgur.com,100.0,70.0,95.0,
Kerosene - Follow,50.0,45.0,,
Guerlain](https://imgur.com,50.0,50.0,95.0,
"https://imgur.com/gallery/coromandel-2011-edt-n4okSSy
Rare, vintage juice. Take it for",,2011.0,,
|Creed|Spice,10.0,75.0,,
Aventus,,3.0,95.0,
Aqua-3.4oz-50%-$35,30.0,75.0,50.0,
PayPal G&S,50.0,2025.0,,
I desperately need a bottle of this!,,,,
"I like the smell but not putting much budget for this one 

Please comment before pm thanks",,,,
Frederic Malle Geranium Pour Monsieur,100.0,3.0,,AVAILABLE
SDV,100.0,2.0,,SOLD
💭,,260.0,,
ISO,,170.0,,
FREE,3.0,5.0,,
F&F,,,,
PDM,,,,
Byredo Alto Astral 50ml full Pres-,50.0,50.0,,
https://imgur.com/a/LGfMm59,50.0,59.0,75.0,LISTED
Sprayed,,5.0,,SOLD
Blue Seduction,100.0,2025.0,,
"New YSL Myslf L’Absolu, 60ml, full presentation, missing test spray,",60.0,60.0,,
DMing,,90.0,90.0,
PayPal,50.0,50.0,,SOLD
"BNIB or Partial is okay. Please comment then chat. 

Thanks!",,,,
Light Blue Eau Intense,100.0,100.0,,SOLD
Gris Charnel + Town & Country,5.0,5.0,,SOLD
EDP,125.0,1.0,,
Creed Viking,100.0,5.0,85.0,
"https://imgur.com/a/ddRlhDl

40/50ml Matsukita no pres:",50.0,40.0,,PENDING
PayPal G&S + Venmo,30.0,1.0,3.0,SOLD
Pur Oud,100.0,1.0,97.0,
Floraiku,5.0,7.0,,
"Looking to trade for the following:
- explorer extreme
- solar lavender by issey
- terre de Hermes 

Willing to add cash as needed. Chat first please.

https://imgur.com/a/VW50uuL",,50.0,,
"Boss Bottled, Boss Infinite",,5.0,99.0,
Preferably 100 ml higher partials but open to offers,100.0,100.0,,
PayPal G&S,,12.0,99.0,
"FAKE BANS ARE BACK.

These same scammers from last year are back. These scammers will message you saying you are banned from this group.

Then they try to get your personal info to “verify” that you were not scamming and then they hijack your accounts.

Specifically asking to get into your Reddit account to “view your messages to make sure you’re not a scammer” and then they takeover that account, in order to scam people using your account.

Please disregard and don’t respond to any messages you may receive from these scammers. Please Report any of these messages to the modmail.

Messages from mods appear as the subreddit itself… if you need clarification message one of the mods.

The scammers will try and contact you from [r/fragranceswapmodmail](https://new.reddit.com/r/fragranceswapmodmail/) or something similar. When we message you it is just [r/fragranceswap](https://new.reddit.com/r/fragranceswap/)

\* **We will never ask for any account passwords or for you to change yours. Do not give them out \***

***\*\*\* Below is what they will message you word for word \*\*\****

""You have been permanently banned from participating in [r/fragranceswap](https://www.reddit.com/r/fragranceswap). You can still view and subscribe to [r/fragranceswap](https://www.reddit.com/r/fragranceswap), but you won't be able to post or comment.

Note from the moderators:

You have been banned for violating the rules of our subreddit. (Reason - Scamming)

[https://www.reddit.com/r/fragranceswap/about/rules/](https://www.reddit.com/r/fragranceswap/about/rules/)

If you have a question regarding your ban, you can contact the moderator team for [r/fragranceswap](https://www.reddit.com/r/fragranceswap) by replying to this message.""",,,,
Goods & Services,,3.0,,
"SOLD*** Selling Valentino Coral Fantasy 100ml
I’d say it’s between 90-",100.0,100.0,95.0,SOLD
DVN,2.0,10.0,,
Absolu,100.0,1.0,,
Minerale,75.0,75.0,,
Full or high partials lmk,,,,
Pyrex,250.0,1.0,,
CAD,50.0,250.0,95.0,
Atrium Fragrance,100.0,100.0,,
YOU'RE ON MOBILE,2.0,4.5,78.0,
"Bnib. Full pres.

USA only please! 

Comment here first or i will most likely not respond to you",,,,
BR540,,33.0,98.0,
PayPal,,105.0,,
Pictures](https://imgur.com,105.0,7.0,75.0,
Love-O-Matic,5.0,1015.0,,AVAILABLE
Insured,,280.0,99.0,
Valentino Green,100.0,100.0,,
ISO,,6.0,,
Preferably,,50.0,50.0,
Fragrance One - Date 100ml w/box.,100.0,100.0,98.0,
Paypal F&F,75.0,78.0,,
TX,,110.0,,
Oceania EDP,100.0,140.0,,SOLD
"Looking to buy bottles of:

\- Channel Allure Home Sport Extreme

\- Acqua di Giò Profumo Giorgio Armani

\- Ultra Male Jean Paul Gaultier",,,,
Vibrato,100.0,100.0,95.0,
Diptyque,,,,
Eden-Roc,5.0,7.5,,
"~~Selling 100 ml of Loumari Porthole. Full presentation.~~ SOLD

*",100.0,100.0,,SOLD
50ml -,50.0,50.0,,
https://imgur.com/a/O7qjCb4](https://imgur.com/a/O7qjCb4,100.0,10.0,,SOLD
Royal Tobacco,100.0,7.0,,
bottles](https://imgur.com/ZCJL1pI,1.0,1.0,10.0,
F,,,,
de Parfum,30.0,30.0,99.0,
CashApp & Venmo,100.0,0.0,7.0,SOLD
Would love to buy either of these if anyone is selling!,,,,
"[https://imgur.com/a/Uc7juaR](https://imgur.com/a/Uc7juaR)

100ml bottles.

 Vieri missing 5ml 

Ivory only missing a few test sprays.



ISO but feel free to send offers-

Mind games Queening, Mind games Blockade, Mind games Gambit, MFK Grand Soir, YSL Baby Cat, Haltane",100.0,7.0,,
F&F,10.0,30.0,5.0,LISTED
MG Blockade,,,,
Mercedes Benz Cologne,,90.0,98.0,
"https://imgur.com/a/FvYJhKf
Looking for any trades and willing to sell for 400",,400.0,,
200ML,200.0,200.0,,
EDP,,,,
Guerlain Neroli,30.0,30.0,,
70,,70.0,,
120ml,120.0,120.0,,
G&S Buyer Pays,5.0,5.0,,AVAILABLE
PayPal G&S,,12.0,99.0,
"FAKE BANS ARE BACK.

These same scammers from last year are back. These scammers will message you saying you are banned from this group.

Then they try to get your personal info to “verify” that you were not scamming and then they hijack your accounts.

Specifically asking to get into your Reddit account to “view your messages to make sure you’re not a scammer” and then they takeover that account, in order to scam people using your account.

Please disregard and don’t respond to any messages you may receive from these scammers. Please Report any of these messages to the modmail.

Messages from mods appear as the subreddit itself… if you need clarification message one of the mods.

The scammers will try and contact you from [r/fragranceswapmodmail](https://new.reddit.com/r/fragranceswapmodmail/) or something similar. When we message you it is just [r/fragranceswap](https://new.reddit.com/r/fragranceswap/)

\* **We will never ask for any account passwords or for you to change yours. Do not give them out \***

***\*\*\* Below is what they will message you word for word \*\*\****

""You have been permanently banned from participating in [r/fragranceswap](https://www.reddit.com/r/fragranceswap). You can still view and subscribe to [r/fragranceswap](https://www.reddit.com/r/fragranceswap), but you won't be able to post or comment.

Note from the moderators:

You have been banned for violating the rules of our subreddit. (Reason - Scamming)

[https://www.reddit.com/r/fragranceswap/about/rules/](https://www.reddit.com/r/fragranceswap/about/rules/)

If you have a question regarding your ban, you can contact the moderator team for [r/fragranceswap](https://www.reddit.com/r/fragranceswap) by replying to this message.""",,,,
Goods & Services,,3.0,,
"https://imgur.com/a/zyvRf85       

~~Versace Dylan Blue 100ml",100.0,85.0,98.0,
g/s,30.0,2.0,,
Like title says. See pictures for levels. Both 100ml bottles.,100.0,100.0,,
