name,size_ml,fill_percent,price_usd,status,author,flair,post_url
[WTS] LV Pacific Chill  (Bottle),200,,,LISTED,Boring_Elevator3817,Legacy:0/Buys:1/Sales:0,https://www.reddit.com/r/fragranceswap/comments/1n5xc7i/wts_lv_pacific_chill_200ml_bottle/
[WTS]  Chanel Coromandel 2011 EDT Bottle (Bottle),200,,,LISTED,Yessahblessah37,Legacy:0/Buys:1/Sales:27,https://www.reddit.com/r/fragranceswap/comments/1n5w6ef/wts_200ml_chanel_coromandel_2011_edt_bottle_bottle/
[WTS] Valentino Coral Fantasy  (Bottle),100,,,LISTED,joimaiveer,Legacy:0/Buys:4/Sales:7,https://www.reddit.com/r/fragranceswap/comments/1n5kb8e/wts_valentino_coral_fantasy_100ml_bottle/
[WTS] Creed Absolu Aventus  (Bottle),100,,,LISTED,Impossible_Smile6527,Legacy:0/Buys:7/Sales:20,https://www.reddit.com/r/fragranceswap/comments/1n5jjw0/wts_creed_absolu_aventus_100ml_bottle/
[WTS]s of Another 13 & s of Mind Games Prodigy (Bottle),250,,,LISTED,Yessahblessah37,Legacy:0/Buys:1/Sales:27,https://www.reddit.com/r/fragranceswap/comments/1n5ha6q/wts250_mls_of_another_13_120mls_of_mind_games/
[WTS] L’homme a la Rose  (bottle),35,,,LISTED,LigmaNutzNChill,MODERATOR,https://www.reddit.com/r/fragranceswap/comments/1n5fgh8/wts_lhomme_a_la_rose_35_ml_bottle/
[WTS] [WTT] The Naxos Apocethary- Sangri  (bottle) Rubini- Idilios (45/ (bottle),50,,,LISTED,leosslammin,Legacy:0/Buys:2/Sales:0,https://www.reddit.com/r/fragranceswap/comments/1n5cnl7/wts_wtt_the_naxos_apocethary_sangri_50ml_bottle/
[WTS] Labor Day declutter Sale!!! Orto Parisi Megamare //Roja Oceania  //Creed Aventus  (Bottle),50,,,LISTED,NoActuator7480,Legacy:0/Buys:3/Sales:16,https://www.reddit.com/r/fragranceswap/comments/1n5cfi9/wts_labor_day_declutter_sale_orto_parisi_megamare/
[WTS] [WTT] spirit of kings arrakis  (bottle),100,,,LISTED,meridius85,Legacy:0/Buys:18/Sales:46,https://www.reddit.com/r/fragranceswap/comments/1n5c8la/wts_wtt_spirit_of_kings_arrakis_100ml_bottle/
[WTS] Dior Eden-Roc 7. travel size (Bottle),5,,,LISTED,musicandarts,Legacy:0/Buys:3/Sales:15,https://www.reddit.com/r/fragranceswap/comments/1n5btgr/wts_dior_edenroc_75_ml_travel_size_bottle/
[WTS] Loumari Porthole  (Bottle),100,,,LISTED,NoActuator7480,Legacy:0/Buys:3/Sales:16,https://www.reddit.com/r/fragranceswap/comments/1n5bstn/wts_loumari_porthole_100_ml_bottle/
"[WTS] Nishane Hacivat  (bottle), Byredo Gypsy Water  (bottle), Byredo Mojave Ghost  (bottle)",100,,,LISTED,lookitsnicolas,,https://www.reddit.com/r/fragranceswap/comments/1n5bl9a/wts_nishane_hacivat_100ml_bottle_byredo_gypsy/
"[WTS] LV, Sospiro, Mancera , LV, Ex Nihilo, Roja, ATH, Xerjoff ,FragranceOne, Multiple Bottles  (Bottle)",100,,,LISTED,Nakg16,Legacy:0/Buys:69/Sales:327,https://www.reddit.com/r/fragranceswap/comments/1n5asch/wts_lv_sospiro_mancera_lv_ex_nihilo_roja_ath/
[WTS][WTT] Areej Le Dore Paradise Soil  (bottle),53,,,LISTED,lazarohorniblow8602l,,https://www.reddit.com/r/fragranceswap/comments/1n5a7ca/wtswtt_areej_le_dore_paradise_soil_53ml_bottle/
