brand,reddit_name,jomashop_name,match_score,reddit_avg,reddit_count,jomashop_price,jomashop_url,price_diff
ACQUA DI PARMA,COLONIA ESSENZA,COLONIA ESSENZA / EDC SPRAY 1.7 OZ (50ML),0.5357142857142857,40.0,2,59.99,https://www.jomashop.com/acqua-di-parma-cos-8028713220012.html,19.990000000000002
ACQUA DI PARMA,COLONIA NOBLE,COLONIA ESSENZA / EDC SPRAY 1.7 OZ (50ML),0.4074074074074074,105.0,2,59.99,https://www.jomashop.com/acqua-di-parma-cos-8028713220012.html,-45.01
AFNAN,AFNAN SUPREMACY COLLECTOR’S EDITION,MEN'S SUPREMACY COLLECTOR'S EDITION EDP SPRAY 3.4 OZ FRAGRANCES,0.6122448979591837,75.0,1,39.99,https://www.jomashop.com/afnan-mens-supremacy-collectors-edition-edp-spray-3-4-oz-fragrances-6290171075073.html,-35.01
AFNAN,MYSTIQUE BOUQUET,UNISEX MYSTIQUE BOUQUET EDP SPRAY 2.7 OZ FRAGRANCES,0.47761194029850745,35.0,1,39.99,https://www.jomashop.com/afnan-unisex-mystique-bouquet-edp-spray-2-7-oz-fragrances-6290171073840.html,4.990000000000002
AFNAN,SUPREMACY NOIR,MEN'S SUPREMACY NOT ONLY INTENSE EXDP 5.0 OZ FRAGRANCES,0.4057971014492754,25.0,1,39.99,https://www.jomashop.com/afnan-mens-supremacy-not-only-intense-silver-edp-5-0-oz-fragrances-6290171072775.html,14.990000000000002
AFNAN,SUPREMACY NOT ONLY INTENSE,MEN'S SUPREMACY NOT ONLY INTENSE EXDP 5.0 OZ FRAGRANCES,0.6419753086419753,20.0,1,39.99,https://www.jomashop.com/afnan-mens-supremacy-not-only-intense-silver-edp-5-0-oz-fragrances-6290171072775.html,19.990000000000002
AFNAN,TURATHI BLUE,MEN'S TURATHI BLUE EDP SPRAY 3.0 OZ FRAGRANCES,0.41379310344827586,27.0,1,35.99,https://www.jomashop.com/afnan-mens-turathi-blue-edp-spray-3-0-oz-fragrances-6290171070580.html,8.990000000000002
AFNAN,TURATHI ELECTRIC,UNISEX TURATHI ELECTRIC EDP SPRAY 3.0 OZ FRAGRANCES,0.47761194029850745,35.0,2,44.99,https://www.jomashop.com/afnan-unisex-turathi-electric-edp-spray-3-0-oz-fragrances-6290171076001.html,9.990000000000002
AMOUAGE,EPIC 56 EXTRAIT DE PARFUM,LADIES EPIC 56 EXTRAIT DE PARFUM SPRAY 3.4 OZ FRAGRANCES,0.6172839506172839,245.0,1,234.5,https://www.jomashop.com/amouage-ladies-epic-extrait-de-parfum-spray-3-4-oz-fragrances-701666410720.html,-10.5
AMOUAGE,IMITATION MAN,MEN'S IMITATION EDP SPRAY 3.4 OZ (100 ML),0.4074074074074074,,0,184.99,https://www.jomashop.com/amouage-mens-imitation-edp-spray-3-4-oz-fragrances-701666320920.html,
AMOUAGE,INTERLUDE 53,MEN'S INTERLUDE EDP 1.7 OZ FRAGRANCES,0.40816326530612246,215.0,6,139.99,https://www.jomashop.com/amouage-mens-interlude-edp-1-7-oz-fragrances-701666410775.html,-75.00999999999999
AMOUAGE,INTERLUDE BLACK IRIS,MEN'S INTERLUDE BLACK IRIS EAU DE PARFUM COLOGNE 3.3 OZ/ 100 ML,0.4819277108433735,141.66666666666666,3,194.5,https://www.jomashop.com/amouage-mens-interlude-black-iris-eau-de-parfum-cologne-3-3-oz-100-ml-701666315964.html,52.83333333333334
AMOUAGE,JUBILATION 40,LADIES JUBILATION 25 EDP 3.4 OZ FRAGRANCES,0.43636363636363634,279.0,2,184.5,https://www.jomashop.com/amouage-ladies-jubilation-25-edp-3-4-oz-fragrances-701666410089.html,-94.5
AMOUAGE,LOVE DELIGHT WOMAN,LADIES LOVE DELIGHT EDP 3.4 OZ FRAGRANCES,0.5423728813559322,185.0,2,224.5,https://www.jomashop.com/amouage-ladies-love-delight-edp-3-4-oz-fragrances-701666410973.html,39.5
AMOUAGE,OVERTURE WOMAN,LADIES OVERTURE EDP 3.4 OZ FRAGRANCES,0.47058823529411764,165.0,3,188.5,https://www.jomashop.com/amouage-ladies-overture-edp-3-4-oz-fragrances-701666410294.html,23.5
AMOUAGE,REASONS ESSENCE DE PARFUM,MEN'S JUBILATION 40 EXTRAIT DE PARFUM SPRAY 3.4 OZ,0.4266666666666667,175.0,2,334.5,https://www.jomashop.com/amouage-mens-jubilation-40-extrait-de-parfum-spray-3-4-oz-fragrances-701666410966.html,159.5
ARMAF,CLUB DE NUIT INTENSE,MEN'S CLUB DE NUIT INTENSE EDT 2 PC GIFT SET,0.625,25.0,1,32.99,https://www.jomashop.com/armaf-mens-club-de-nuit-intense-edt-2-pc-gift-set-6294015135848.html,7.990000000000002
ARMAF,CLUB DE NUIT INTENSE EXTRAIT DE PARFUM,MEN'S CLUB DE NUIT INTENSE EXTRAIT DE PARFUM SPRAY 2.37 OZ FRAGRANCES,0.7102803738317757,,0,39.99,https://www.jomashop.com/armaf-mens-club-de-nuit-intense-extrait-de-parfum-spray-2-37-oz-fragrances-6294015196610.html,
ARMAF,CLUB DE NUIT INTENSE LIMITED EDITION,MEN'S CLUB DE NUIT INTENSE LIMITED EDITION PARFUM 3.6 OZ FRAGRANCES,0.6990291262135923,59.0,2,59.99,https://www.jomashop.com/armaf-mens-club-de-nuit-intense-limited-edition-parfum-3-55-oz-fragrances-6294015180367.html,0.990000000000002
ARMAF,CLUB DE NUIT INTENSE MAN,MEN'S CLUB DE NUIT INTENSE GIFT SET FRAGRANCES,0.6571428571428571,20.0,1,44.99,https://www.jomashop.com/armaf-mens-club-de-nuit-intense-gift-set-fragrances-6294015105247.html,24.990000000000002
ARMAF,CLUB DE NUIT INTENSE MAN EDP,MEN'S CLUB DE NUIT INTENSE EDT 2 PC GIFT SET,0.6666666666666666,40.0,1,32.99,https://www.jomashop.com/armaf-mens-club-de-nuit-intense-edt-2-pc-gift-set-6294015135848.html,-7.009999999999998
ARMAF,CLUB DE NUIT INTENSE MAN LIMITED EDITION,MEN'S CLUB DE NUIT INTENSE LIMITED EDITION PARFUM 3.6 OZ FRAGRANCES,0.6728971962616822,40.0,1,59.99,https://www.jomashop.com/armaf-mens-club-de-nuit-intense-limited-edition-parfum-3-55-oz-fragrances-6294015180367.html,19.990000000000002
ARMAF,CLUB DE NUIT MAN,MEN'S CLUB DE NUIT INTENSE GIFT SET FRAGRANCES,0.4838709677419355,10.0,1,44.99,https://www.jomashop.com/armaf-mens-club-de-nuit-intense-gift-set-fragrances-6294015105247.html,34.99
ARMAF,CLUB DE NUIT MILESTONE,MEN'S CLUB DE NUIT MILESTONE EDP SPRAY 6.7 OZ FRAGRANCES,0.5641025641025641,20.0,2,50.99,https://www.jomashop.com/armaf-mens-club-de-nuit-milestone-edp-spray-6-7-oz-fragrances-6294015171112.html,30.990000000000002
ARMAF,CLUB DE NUIT PRECIEUX,CLUB DE NUIT BLUE ICONIC EDP 6.8 OZ FRAGRANCES,0.47761194029850745,,0,64.99,https://www.jomashop.com/armaf-club-de-nuit-blue-iconic-edp-6-8-oz-fragrances-6294015164299-35187.html,
ARMAF,CLUB DE NUIT PRECIEUX EXTRAIT,MEN'S CLUB DE NUIT PRECIEUX 1 EXTRAIT DE PARFUM SPRAY 1.85 OZ FRAGRANCES,0.5742574257425742,50.0,1,46.99,https://www.jomashop.com/armaf-mens-club-de-nuit-precieux-1-extrait-de-parfum-spray-1-85-oz-fragrances-6294015181913.html,-3.009999999999998
ARMAF,ODYSSEY MANDARIN SKY,MEN'S ODYSSEY MANDARIN SKY EDP 3.4 OZ FRAGRANCES,0.5882352941176471,,0,29.99,https://www.jomashop.com/armaf-mens-odyssey-mandarin-sky-edp-3-4-oz-fragrances-6294015149371.html,
AZZARO,FOREVER WANTED ELIXIR,MEN'S FOREVER WANTED ELIXIR SPRAY 3.4 OZ FRAGRANCES,0.5833333333333334,88.33333333333333,3,109.99,https://www.jomashop.com/azzaro-mens-forever-wanted-elixir-extrait-de-parfum-spray-3-4-oz-fragrances-3614274258073.html,21.656666666666666
AZZARO,MOST WANTED EDT INTENSE,THE MOST WANTED / EDP SPRAY INTENSE 3.4 OZ (100 ML) (M),0.5641025641025641,50.0,1,76.99,https://www.jomashop.com/azzaro-the-most-wanted-azzaro-edp-spray-intense-3-4-oz-100-ml-m-3614273521307.html,26.989999999999995
AZZARO,MOST WANTED PARFUM,MEN'S THE MOST WANTED PARFUM 1.7 OZ FRAGRANCES,0.5625,75.0,1,65.95,https://www.jomashop.com/azzaro-mens-the-most-wanted-parfum-1-7-oz-fragrances-3614273638869.html,-9.049999999999997
AZZARO,THE MOST WANTED EDP INTENSE,THE MOST WANTED / EDP SPRAY INTENSE 3.4 OZ (100 ML) (M),0.6585365853658537,90.5,2,76.99,https://www.jomashop.com/azzaro-the-most-wanted-azzaro-edp-spray-intense-3-4-oz-100-ml-m-3614273521307.html,-13.510000000000005
AZZARO,THE MOST WANTED INTENSE EDP,MEN'S THE MOST WANTED INTENSE EDP SPRAY 1.7 OZ FRAGRANCES,0.6428571428571429,64.0,1,50.25,https://www.jomashop.com/azzaro-mens-the-most-wanted-intense-edp-spray-1-7-oz-fragrances-3614273521345.html,-13.75
AZZARO,THE MOST WANTED PARFUM,MEN'S THE MOST WANTED PARFUM 1.7 OZ FRAGRANCES,0.6470588235294118,70.0,2,65.95,https://www.jomashop.com/azzaro-mens-the-most-wanted-parfum-1-7-oz-fragrances-3614273638869.html,-4.049999999999997
AZZARO,WANTED BY NIGHT,WANTED BY NIGHT / EDP SPRAY 3.4 OZ (100 ML) (M),0.4838709677419355,,0,79.99,https://www.jomashop.com/azzaro-perfume-wbnmes34.html,
BDK PARFUMS,GRIS CHARNEL EXTRAIT,UNISEX GRIS CHARNEL EXTRAIT DE PARFUM 3.4 OZ FRAGRANCES,0.5333333333333333,187.0,2,240.0,https://www.jomashop.com/bdk-parfums-unisex-gris-charnel-extrait-edp-3-4-oz-fragrances-3760035450757.html,53.0
BDK PARFUMS,PAS CE SOIR,UNISEX PAS CE SOIR EDP 3.4 OZ FRAGRANCES,0.43137254901960786,165.0,1,187.5,https://www.jomashop.com/bdk-parfums-unisex-pas-ce-soir-edp-3-4-oz-fragrances-3760035450016.html,22.5
BDK PARFUMS,ROUGE SMOKING,UNISEX ROUGE SMOKING EDP 3.4 OZ FRAGRANCES,0.4727272727272727,165.0,1,187.48,https://www.jomashop.com/bdk-parfums-unisex-rouge-smoking-edp-3-4-oz-fragrances-3760035450221.html,22.47999999999999
BURBERRY,GODDESS EDP,LADIES GODDESS EDP 1.7 OZ FRAGRANCES,0.46808510638297873,90.0,2,79.95,https://www.jomashop.com/burberry-ladies-goddess-edp-1-7-oz-fragrances-3616302020676.html,-10.049999999999997
BURBERRY,GODDESS INTENSE EDP,LADIES GODDESS INTENSE EDP SPRAY 1.7 OZ FRAGRANCES,0.5507246376811594,100.0,1,89.99,https://www.jomashop.com/burberry-ladies-goddess-intense-edp-spray-1-7-oz-fragrances-3616304967115.html,-10.010000000000005
BURBERRY,GODESS EDP INTENSE,LADIES GODDESS EDP 1.7 OZ FRAGRANCES,0.5185185185185185,70.0,1,79.95,https://www.jomashop.com/burberry-ladies-goddess-edp-1-7-oz-fragrances-3616302020676.html,9.950000000000003
BURBERRY,HER EDP PETALS LE,HER / EDP SPRAY 3.3 OZ (100 ML) (W),0.46153846153846156,145.0,1,94.99,https://www.jomashop.com/burberry-her-eau-de-parfum-spray-3614227693876.html,-50.010000000000005
BURBERRY,HER ELIXIR,LADIES HER ELIXIR EDP 3.4 OZ FRAGRANCES,0.40816326530612246,100.0,1,114.99,https://www.jomashop.com/burberry-ladies-her-elixir-edp-3-4-oz-fragrances-3616304061943.html,14.989999999999995
BURBERRY,HERO PARFUM,MEN'S HERO PARFUM 3.4 OZ FRAGRANCES,0.4782608695652174,80.0,1,99.99,https://www.jomashop.com/burberry-mens-hero-parfum-3-4-oz-fragrances-3616304679445.html,19.989999999999995
BVLGARI,MAN WOOD ESSENCE,MEN'S MAN WOOD ESSENCE GIFT SET FRAGRANCES 783320418693,0.4507042253521127,65.0,2,,https://www.jomashop.com/bvlgari-mens-man-wood-essence-gift-set-fragrances-783320418693.html,
BYREDO,BAL D'AFRIQUE EDP,- BAL D'AFRIQUE EAU DE PARFUM SPRAY 100ML/3.4OZ,0.53125,189.0,2,229.99,https://www.jomashop.com/byredo-bal-dafrique-eau-de-parfum-spray-100ml-3-4oz-7340032806182.html,40.99000000000001
BYREDO,BAL D’AFRIQUE ABSOLU,- BAL D'AFRIQUE EAU DE PARFUM SPRAY 100ML/3.4OZ,0.47761194029850745,255.0,1,229.99,https://www.jomashop.com/byredo-bal-dafrique-eau-de-parfum-spray-100ml-3-4oz-7340032806182.html,-25.00999999999999
BYREDO,BLACK SAFFRON,UNISEX BLACK SAFFRON EDP 0.4 OZ FRAGRANCES,0.4727272727272727,160.0,2,39.99,https://www.jomashop.com/byredo-unisex-black-saffron-edp-0-4-oz-fragrances-7340032860498.html,-120.00999999999999
BYREDO,BLANCHE ABSOLU DE PARFUM,- BIBLIOTHEQUE EAU DE PARFUM SPRAY 100ML/3.3OZ,0.4857142857142857,275.0,1,189.99,https://www.jomashop.com/byredo-bibliotheque-eau-de-parfum-spray-100ml-3-3oz-7340032816280.html,-85.00999999999999
BYREDO,GYPSY WATER 1,GYPSY WATER BY FOR UNISEX - 1.6 OZ EDP SPRAY,0.45614035087719296,167.0,1,149.99,https://www.jomashop.com/gypsy-water-by-byredo-for-unisex-1-6-oz-edp-spray-7340032806014.html,-17.00999999999999
BYREDO,GYPSY WATER 2,GYPSY WATER BY FOR UNISEX - 1.6 OZ EDP SPRAY,0.42105263157894735,175.0,1,149.99,https://www.jomashop.com/gypsy-water-by-byredo-for-unisex-1-6-oz-edp-spray-7340032806014.html,-25.00999999999999
BYREDO,MOJAVE GHOST,UNISEX MOJAVE GHOST EDP SPRAY 1.7 OZ (50 ML),0.42857142857142855,140.0,1,185.0,https://www.jomashop.com/byredo-unisex-mojave-ghost-edp-spray-1-7-oz-fragrances-7340032860733.html,45.0
BYREDO,MOJAVE GHOST ABSOLU,UNISEX MOJAVE GHOST EDP SPRAY 1.7 OZ (50 ML),0.5079365079365079,470.0,1,185.0,https://www.jomashop.com/byredo-unisex-mojave-ghost-edp-spray-1-7-oz-fragrances-7340032860733.html,-285.0
BYREDO,MOJAVE GHOST ABSOLU EDP,UNISEX MOJAVE GHOST EDP SPRAY 1.7 OZ (50 ML),0.47761194029850745,274.5,4,185.0,https://www.jomashop.com/byredo-unisex-mojave-ghost-edp-spray-1-7-oz-fragrances-7340032860733.html,-89.5
BYREDO,MOJAVE GHOST EDP,UNISEX MOJAVE GHOST EDP SPRAY 1.7 OZ (50 ML),0.5333333333333333,165.0,2,185.0,https://www.jomashop.com/byredo-unisex-mojave-ghost-edp-spray-1-7-oz-fragrances-7340032860733.html,20.0
BYREDO,ROSE OF NO MAN'S LAND,UNISEX ROSE OF NO MANS LAND EDP SPRAY 3.4 OZ TESTER,0.5555555555555556,150.0,2,,https://www.jomashop.com/byredo-unisex-rose-of-no-mans-land-edp-spray-3-4-oz-tester-t7340032811445.html,
CALVIN KLEIN,CK ONE ESSENCE,CK ONE BY 1.7 OZ. EDT SPRAY,0.43902439024390244,15.0,1,,https://www.jomashop.com/frg-ck-one-1-7-oz.html,
CAROLINA HERRERA,BAD BOY COBALT,MEN'S BAD BOY COBALT EDP 3.4 OZ FRAGRANCES,0.5,,0,89.99,https://www.jomashop.com/carolina-herrera-mens-bad-boy-cobalt-edp-3-4-oz-fragrances-8411061027837.html,
CAROLINA HERRERA,BAD BOY COBALT PARFUM ELECTRIQUE,MEN'S BAD BOY COBALT EDP 3.4 OZ FRAGRANCES,0.5135135135135135,105.0,1,89.99,https://www.jomashop.com/carolina-herrera-mens-bad-boy-cobalt-edp-3-4-oz-fragrances-8411061027837.html,-15.010000000000005
CAROLINA HERRERA,BAD BOY COLBALT,MEN'S BAD BOY COBALT EDP 3.4 OZ FRAGRANCES,0.49122807017543857,90.0,1,89.99,https://www.jomashop.com/carolina-herrera-mens-bad-boy-cobalt-edp-3-4-oz-fragrances-8411061027837.html,-0.010000000000005116
CAROLINA HERRERA,BAD BOY EXTREME,MEN'S BAD BOY COBALT ELIXIR EDP 5.0 OZ FRAGRANCES,0.40625,70.0,1,114.99,https://www.jomashop.com/carolina-herrera-mens-bad-boy-cobalt-elixir-edp-5-0-oz-fragrances-8411061083789.html,44.989999999999995
CAROLINA HERRERA,BAD BOY LE PARFUM,MEN'S BAD BOY COBALT EDP 3.4 OZ FRAGRANCES,0.4406779661016949,85.0,1,89.99,https://www.jomashop.com/carolina-herrera-mens-bad-boy-cobalt-edp-3-4-oz-fragrances-8411061027837.html,4.989999999999995
CAROLINA HERRERA,GOOD GIRL,LADIES GOOD GIRL 1.0 OZ MIST,0.4864864864864865,85.0,1,39.99,https://www.jomashop.com/carolina-herrera-ladies-good-girl-1-0-oz-mist-8411061043820.html,-45.01
CAROLINA HERRERA,GOOD GIRL EDP,GOOD GIRL EDP SPRAY 1.0 OZ FRAGRANCES,0.52,90.0,1,64.99,https://www.jomashop.com/carolina-herrera-good-girl-edp-spray-1-0-oz-fragrances-8411061041673.html,-25.010000000000005
CAROLINA HERRERA,GOOD GIRL GONE BAD,LADIES GOOD GIRL 1.0 OZ MIST,0.5217391304347826,208.33333333333334,3,39.99,https://www.jomashop.com/carolina-herrera-ladies-good-girl-1-0-oz-mist-8411061043820.html,-168.34333333333333
CAROLINA HERRERA,POWER UP FRESH EDT SPRAY,212 NYC FOR MEN / EDT SPRAY 1.7 OZ (M),0.45161290322580644,25.0,1,44.99,https://www.jomashop.com/carolina-herrera-perfume-212mts17b.html,19.990000000000002
CAROLINA HERRERA,VERY GOOD GIRL ELIXIR,LADIES VERY GOOD GIRL ELIXIR EDP SPRAY 2.7 OZ FRAGRANCES,0.5454545454545454,115.0,1,139.99,https://www.jomashop.com/carolina-herrera-ladies-very-good-girl-elixir-edp-spray-2-7-oz-fragrances-8411061106228.html,24.99000000000001
CREED,ABSOLU AVENTUS,MEN'S ABSOLU AVENTUS EDP SPRAY 3.4 OZ FRAGRANCES,0.45161290322580644,271.875,8,449.99,https://www.jomashop.com/creed-mens-absolu-aventus-edp-spray-3-4-oz-fragrances-3508440004352.html,178.115
CREED,ABSOLU AVENTUS 2025,MEN'S ABSOLU AVENTUS EDP SPRAY 0.057 OZ FRAGRANCES,0.4927536231884058,290.0,2,14.99,https://www.jomashop.com/creed-mens-absolu-aventus-edp-spray-0-057-oz-fragrances-3508440251329.html,-275.01
CREED,ACQUA FIORENTINA,ACQUA FIORENTINA / EDP SPRAY 2.5 OZ (W),0.5818181818181818,147.5,4,192.99,https://www.jomashop.com/creed-perfume-caqes25.html,45.49000000000001
CREED,ACQUA FLORENTINA,ACQUA FIORENTINA / EDP SPRAY 2.5 OZ (W),0.5454545454545454,220.0,1,192.99,https://www.jomashop.com/creed-perfume-caqes25.html,-27.00999999999999
CREED,AQUA FIORENTINA,ACQUA FIORENTINA / EDP SPRAY 2.5 OZ (W),0.5555555555555556,150.0,2,192.99,https://www.jomashop.com/creed-perfume-caqes25.html,42.99000000000001
CREED,AVENTUS 21,AVENTUS / EDP SPRAY 1.7 OZ (50 ML),0.4090909090909091,155.0,2,204.99,https://www.jomashop.com/creed-fragrances-cavmes17b-1-7oz.html,49.99000000000001
CREED,AVENTUS ABSOLU,AVENTUS / EDP SPRAY 1.7 OZ (50 ML),0.4583333333333333,243.33333333333334,3,204.99,https://www.jomashop.com/creed-fragrances-cavmes17b-1-7oz.html,-38.343333333333334
CREED,AVENTUS ABSOLU TRIPLE AGE,UNISEX AVENTUS SOAP 5.29 OZ FRAGRANCES,0.47619047619047616,290.0,2,54.0,https://www.jomashop.com/creed-unisex-aventus-soap-5-29-oz-fragrances-3508444105420.html,-236.0
CREED,AVENTUS BATCH F001925,AVENTUS / EDP SPRAY 1.0 OZ (30 ML) (W),0.4067796610169492,220.0,1,164.99,https://www.jomashop.com/creed-perfume-caves1.html,-55.00999999999999
CREED,AVENTUS COLOGNE,AVENTUS / EDP SPRAY 1.7 OZ (50 ML),0.40816326530612246,178.58333333333334,12,204.99,https://www.jomashop.com/creed-fragrances-cavmes17b-1-7oz.html,26.406666666666666
CREED,AVENTUS COLOGNE F,LADIES AVENTUS FOR HER GIFT SET FRAGRANCES,0.4406779661016949,165.0,2,164.99,https://www.jomashop.com/creed-ladies-creed-aventus-for-her-gift-set-fragrances-3508440310668.html,-0.009999999999990905
CREED,AVENTUS F239/1752,AVENTUS / EDP SPRAY 1.7 OZ (50 ML),0.47058823529411764,170.0,2,204.99,https://www.jomashop.com/creed-fragrances-cavmes17b-1-7oz.html,34.99000000000001
CREED,AVENTUS FOR HER,LADIES AVENTUS FOR HER GIFT SET FRAGRANCES,0.5263157894736842,153.8235294117647,17,164.99,https://www.jomashop.com/creed-ladies-creed-aventus-for-her-gift-set-fragrances-3508440310668.html,11.166470588235313
CREED,AVENTUS FOR HER OIL,LADIES AVENTUS FOR HER GIFT SET FRAGRANCES,0.5573770491803278,137.5,4,164.99,https://www.jomashop.com/creed-ladies-creed-aventus-for-her-gift-set-fragrances-3508440310668.html,27.49000000000001
CREED,AVENTUS FOR HIM,LADIES AVENTUS FOR HER GIFT SET FRAGRANCES,0.49122807017543857,225.0,2,164.99,https://www.jomashop.com/creed-ladies-creed-aventus-for-her-gift-set-fragrances-3508440310668.html,-60.00999999999999
CREED,BOIS DU PORTUGAL,BOIS DU PORTUGAL / EDP SPRAY 1.7 OZ (50 ML) (M),0.5079365079365079,207.5,2,184.99,https://www.jomashop.com/creed-perfume-cbpmes17.html,-22.50999999999999
CREED,BOIS DU PORTUGAL 16F01,BOIS DU PORTUGAL / EDP SPRAY 1.7 OZ (50 ML) (M),0.5507246376811594,355.0,1,184.99,https://www.jomashop.com/creed-perfume-cbpmes17.html,-170.01
CREED,D.915 - AVENTUS INSPIRATION,MEN'S AVENTUS EDP SPRAY 1.0 OZ FRAGRANCES,0.4411764705882353,20.0,1,159.99,https://www.jomashop.com/creed-mens-aventus-edp-spray-1-0-oz-fragrances-3508440251688.html,139.99
CREED,GREEN IRISH TWEED,MEN'S GREEN IRISH TWEED GIFT SET FRAGRANCES,0.5666666666666667,168.125,8,148.99,https://www.jomashop.com/creed-mens-creed-green-irish-tweed-gift-set-fragrances-3508440310323.html,-19.13499999999999
CREED,GREEN IRISH TWEED F2042,MEN'S GREEN IRISH TWEED GIFT SET FRAGRANCES,0.5757575757575758,145.0,2,148.99,https://www.jomashop.com/creed-mens-creed-green-irish-tweed-gift-set-fragrances-3508440310323.html,3.990000000000009
CREED,GREEN IRISH TWEED F2088,MEN'S GREEN IRISH TWEED GIFT SET FRAGRANCES,0.5757575757575758,200.0,1,148.99,https://www.jomashop.com/creed-mens-creed-green-irish-tweed-gift-set-fragrances-3508440310323.html,-51.00999999999999
CREED,GREEN IRISH TWEED F2088/F694,MEN'S GREEN IRISH TWEED GIFT SET FRAGRANCES,0.5633802816901409,200.0,1,148.99,https://www.jomashop.com/creed-mens-creed-green-irish-tweed-gift-set-fragrances-3508440310323.html,-51.00999999999999
CREED,GREEN IRISH TWEED F694,MEN'S GREEN IRISH TWEED GIFT SET FRAGRANCES,0.5846153846153846,200.0,1,148.99,https://www.jomashop.com/creed-mens-creed-green-irish-tweed-gift-set-fragrances-3508440310323.html,-51.00999999999999
CREED,HIMALAYA F1701,HIMALAYA / EDP SPRAY 1.7 OZ (50 ML) (M),0.4528301886792453,150.0,1,172.99,https://www.jomashop.com/creed-perfume-chmmes17.html,22.99000000000001
CREED,LOVE IN BLACK,LOVE IN BLACK / EDP 16.0 OZ (480 ML) (U),0.49056603773584906,155.0,2,,https://www.jomashop.com/creed-love-in-black-creed-edp-16-0-oz-480-ml-u-3508445002605.html,
CREED,LOVE IN WHITE,LOVE IN WHITE / EDP SPRAY 2.5 OZ (U),0.5306122448979592,176.66666666666666,6,199.99,https://www.jomashop.com/creed-clwes25.html,23.323333333333352
CREED,LOVE IN WHITE FOR SUMMER,LOVE IN WHITE / EDP SPRAY 2.5 OZ (U),0.5666666666666667,145.0,2,199.99,https://www.jomashop.com/creed-clwes25.html,54.99000000000001
CREED,LOVE IN WHITE OIL,LOVE IN WHITE / EDP SPRAY 2.5 OZ (U),0.5660377358490566,145.0,2,199.99,https://www.jomashop.com/creed-clwes25.html,54.99000000000001
CREED,MILLESIME IMPERIAL,UNISEX MILLESIME IMPERIAL EDP 0.08 OZ FRAGRANCES,0.5454545454545454,177.14285714285714,7,13.99,https://www.jomashop.com/creed-mens-creed-millesime-imperial-edp-0-08-oz-fragrances-3508440501011.html,-163.15285714285713
CREED,MILLESIME IMPERIAL F3175,MILLESEME IMPERIAL / EDP SPRAY 1.7 OZ (50 ML) (U),0.5753424657534246,200.0,2,209.99,https://www.jomashop.com/creed-perfume-cmies17.html,9.990000000000009
CREED,MILLISIME IMPERIAL,UNISEX MILLESIME IMPERIAL EDP 0.08 OZ FRAGRANCES,0.5151515151515151,155.0,2,13.99,https://www.jomashop.com/creed-mens-creed-millesime-imperial-edp-0-08-oz-fragrances-3508440501011.html,-141.01
CREED,NEROLI SAUVAGE,NEROLI SAUVAGE / EDP SPRAY 3.3 OZ (100 ML) (U),0.4666666666666667,215.0,2,189.99,https://www.jomashop.com/creed-perfume-cnses33.html,-25.00999999999999
CREED,ORIGINAL VETIVER,UNISEX ORIGINAL VETIVER EDP 8.4 OZ FRAGRANCES,0.5245901639344263,164.71428571428572,7,474.99,https://www.jomashop.com/creed-unisex-creed-original-vetiver-edp-8-4-oz-fragrances-3508442502405.html,310.2757142857143
CREED,ORIGINAL VETIVER FBATCH,UNISEX ORIGINAL VETIVER EDP 8.4 OZ FRAGRANCES,0.5882352941176471,200.0,1,474.99,https://www.jomashop.com/creed-unisex-creed-original-vetiver-edp-8-4-oz-fragrances-3508442502405.html,274.99
CREED,ORIGINAL VÉTIVER OIL,ORIGINAL VETIVER / EDP SPRAY 1.7 OZ (50 ML) (U),0.5373134328358209,145.0,2,182.99,https://www.jomashop.com/creed-perfume-clves17.html,37.99000000000001
CREED,QUEEN OF SILK,LADIES QUEEN OF SILK EDP SPRAY 1.0 OZ FRAGRANCES,0.4262295081967213,179.0,1,179.99,https://www.jomashop.com/creed-ladies-creed-queen-of-silk-edp-spray-1-0-oz-fragrances-3508440000507.html,0.9900000000000091
CREED,ROYAL OUD 19P01,MEN'S ROYAL OUD EDP 0.084 OZ FRAGRANCES,0.4444444444444444,245.0,1,14.99,https://www.jomashop.com/creed-mens-royal-oud-edp-0-084-oz-fragrances-3508440501103.html,-230.01
CREED,ROYAL WATER,ROYAL WATER / EDP SPRAY 3.3 OZ (100 ML) (U),0.4074074074074074,146.66666666666666,3,189.99,https://www.jomashop.com/creed-fragrances-crwes33.html,43.32333333333335
CREED,SILVER MOUNTAIN WATER,MEN'S SILVER MOUNTAIN WATER EDP 8.4 OZ FRAGRANCES,0.6,180.0,1,399.99,https://www.jomashop.com/creed-mens-creed-silver-mountain-water-edp-8-4-oz-fragrances-3508440000729.html,219.99
CREED,SILVER MOUNTAIN WATER F160/F222,SILVER MOUNTAIN WATER / EDP SPRAY 1.7 OZ (50 ML) (U),0.5783132530120482,145.0,2,189.99,https://www.jomashop.com/creed-perfume-csmes17.html,44.99000000000001
CREED,SILVER MOUNTAIN WATER M3520K01,UNISEX SILVER MOUNTAIN WATER SOAP 5.29 OZ FRAGRANCES,0.5853658536585366,165.0,2,49.99,https://www.jomashop.com/creed-unisex-silver-mountain-water-soap-5-29-oz-fragrances-3508444105352.html,-115.00999999999999
CREED,SILVER MOUNTAIN WATER OIL,SILVER MOUNTAIN WATER / EDP SPRAY 1.7 OZ (50 ML) (U),0.6233766233766234,145.0,2,189.99,https://www.jomashop.com/creed-perfume-csmes17.html,44.99000000000001
CREED,TABAROME MILLESIME FBATCH,UNISEX MILLESIME IMPERIAL EDP 0.08 OZ FRAGRANCES,0.410958904109589,200.0,2,13.99,https://www.jomashop.com/creed-mens-creed-millesime-imperial-edp-0-08-oz-fragrances-3508440501011.html,-186.01
CREED,VIKING COLOGNE,MEN'S VIKING COLOGNE EDP 1.7 OZ FRAGRANCES,0.5,178.33333333333334,6,179.99,https://www.jomashop.com/creed-mens-viking-cologne-edp-1-7-oz-fragrances-3508441001367.html,1.6566666666666663
CREED,VIKING COLOGNE S9821P01/S9821P01,MEN'S VIKING COLOGNE EDP SPRAY 3.3 OZ FRAGRANCES,0.45,145.0,1,199.99,https://www.jomashop.com/creed-mens-viking-cologne-spray-3-3-oz-fragrances-3508441001381.html,54.99000000000001
CREED,VIKING EDP,VIKING / EDP SPRAY 3.3 OZ (100 ML) (M),0.4166666666666667,185.0,1,254.99,https://www.jomashop.com/creed-perfume-cvkmes33.html,69.99000000000001
CREED,VINTAGE BOIS DU PORTUGAL,BOIS DU PORTUGAL / EDP SPRAY 1.7 OZ (50 ML) (M),0.4507042253521127,,0,184.99,https://www.jomashop.com/creed-perfume-cbpmes17.html,
CREED,VIRGIN ISLAND WATER,VIRGIN ISLAND WATER / EDP SPRAY 1.7 OZ (50 ML) (U),0.5507246376811594,193.11111111111111,9,,https://www.jomashop.com/creed-perfume-cvies17.html,
CREED,VIRGIN ISLAND WATER 2015,VIRGIN ISLAND WATER / EDP SPRAY 1.7 OZ (50 ML) (U),0.5675675675675675,430.0,2,,https://www.jomashop.com/creed-perfume-cvies17.html,
CREED,WIND FLOWER,LADIES WIND FLOWERS EDP 2.5 OZ FRAGRANCES,0.4230769230769231,180.0,1,250.99,https://www.jomashop.com/creed-ladies-wind-flowers-edp-2-5-oz-fragrances-3508440506856.html,70.99000000000001
CREED,WIND FLOWERS,LADIES WIND FLOWERS EDP 2.5 OZ FRAGRANCES,0.4528301886792453,135.0,1,250.99,https://www.jomashop.com/creed-ladies-wind-flowers-edp-2-5-oz-fragrances-3508440506856.html,115.99000000000001
DIOR,DIOR HOMME INTENSE,CHRISTIAN MEN'S HOMME INTENSE EDP SPRAY 5 OZ FRAGRANCES,0.410958904109589,225.0,1,144.99,https://www.jomashop.com/christian-dior-ladies-homme-intense-edp-spray-5-oz-fragrances-3348901001120.html,-80.00999999999999
DIOR,DIOR HOMME PARFUM,MEN'S HOMME 2025 PARFUM 2.5 OZ FRAGRANCES,0.4482758620689655,200.0,1,170.99,https://www.jomashop.com/dior-mens-dior-homme-2025-parfum-2-5-oz-fragrances-3348901682527.html,-29.00999999999999
DIOR,DIOR HOMME PARFUM 2023,MEN'S HOMME 2025 PARFUM 2.5 OZ FRAGRANCES,0.47619047619047616,210.0,1,170.99,https://www.jomashop.com/dior-mens-dior-homme-2025-parfum-2-5-oz-fragrances-3348901682527.html,-39.00999999999999
DIOR,EAU SAUVAGE COLOGNE,MEN'S EAU SAUVAGE PARFUM 3.4 OZ FRAGRANCES,0.45901639344262296,80.0,1,129.99,https://www.jomashop.com/christian-dior-mens-eau-sauvage-edp-spray-3-4-oz-fragrances-3348901069830.html,49.99000000000001
DIOR,EAU SAUVAGE PARFUM 2017,MEN'S EAU SAUVAGE PARFUM 3.4 OZ FRAGRANCES,0.5846153846153846,105.0,2,129.99,https://www.jomashop.com/christian-dior-mens-eau-sauvage-edp-spray-3-4-oz-fragrances-3348901069830.html,24.99000000000001
DIOR,FAHRENHEIT PARFUM,CHRISTIAN MEN'S FAHRENHEIT PARFUM EDP SPRAY 2.5 OZ (75 ML),0.4533333333333333,80.0,1,118.99,https://www.jomashop.com/christian-dior-mens-fahrenheit-parfum-edp-spray-2-5-oz-fragrances-3348901116817.html,38.989999999999995
DIOR,SAUVAGE ELIXIR,CHRISTIAN MEN'S SAUVAGE ELIXIR 2.0 OZ SPRAY FRAGRANCES,0.4117647058823529,150.0,3,169.99,https://www.jomashop.com/christian-dior-mens-sauvage-elixir-spray-fragrances-3348901567572.html,19.99000000000001
DIOR,SAUVAGE PARFUM,MEN'S EAU SAUVAGE PARFUM 3.4 OZ FRAGRANCES,0.5,99.0,5,129.99,https://www.jomashop.com/christian-dior-mens-eau-sauvage-edp-spray-3-4-oz-fragrances-3348901069830.html,30.99000000000001
DIPTYQUE,EAU ROSE EDP,EAU ROSE BY FOR WOMEN - 3.4 OZ EDT SPRAY,0.46153846153846156,,0,132.99,https://www.jomashop.com/eau-rose-by-diptyque-for-women-3-4-oz-edt-spray-3700431405531.html,
DIPTYQUE,EAU ROSE EDT,EAU ROSE BY FOR WOMEN - 3.4 OZ EDT SPRAY,0.46153846153846156,115.0,1,132.99,https://www.jomashop.com/eau-rose-by-diptyque-for-women-3-4-oz-edt-spray-3700431405531.html,17.99000000000001
DIPTYQUE,PHILOSYKOS EDT,- PHILOSYKOS EAU DE PARFUM SPRAY 75ML / 2.5OZ,0.4406779661016949,150.0,1,171.99,https://www.jomashop.com/diptyque-philosykos-eau-de-parfum-spray-75ml-2-5-oz-3700431425461.html,21.99000000000001
DOLCE & GABBANA,DEVOTION EDP,LADIES DEVOTION EDP SPRAY 3.4 OZ FRAGRANCES,0.43636363636363634,95.0,1,76.99,https://www.jomashop.com/dolce-and-gabbana-ladies-devotion-edp-spray-3-4-oz-fragrances-8057971183739.html,-18.010000000000005
DOLCE & GABBANA,DEVOTION EDP INTENSE,LADIES DEVOTION EDP SPRAY 3.4 OZ FRAGRANCES,0.5079365079365079,110.0,1,76.99,https://www.jomashop.com/dolce-and-gabbana-ladies-devotion-edp-spray-3-4-oz-fragrances-8057971183739.html,-33.010000000000005
DOLCE & GABBANA,LIGHT BLUE,LIGHT BLUE / EDT SPRAY 1.6 OZ (W),0.46511627906976744,55.5,2,34.99,https://www.jomashop.com/dolce-and-gabbana-perfume-ligts17.html,-20.509999999999998
DOLCE & GABBANA,LIGHT BLUE EAU INTENSE,LIGHT BLUE EAU INTENSE / EDP SPRAY 1.6 OZ (50 ML) (M),0.5866666666666667,47.5,2,49.99,https://www.jomashop.com/dolce-and-gabbana-perfume-lbimes16.html,2.490000000000002
DOLCE & GABBANA,LIGHT BLUE EDT,LIGHT BLUE / EDT SPRAY 1.6 OZ (W),0.5957446808510638,40.0,1,34.99,https://www.jomashop.com/dolce-and-gabbana-perfume-ligts17.html,-5.009999999999998
DOLCE & GABBANA,LIGHT BLUE FOREVER,MEN'S LIGHT BLUE GIFT SET FRAGRANCES,0.5185185185185185,72.5,2,54.99,https://www.jomashop.com/dolce-and-gabbana-mens-light-blue-gift-set-fragrances-8057971187461.html,-17.509999999999998
DOLCE & GABBANA,LIGHT BLUE INTENSE,MEN'S LIGHT BLUE GIFT SET FRAGRANCES,0.5555555555555556,60.0,1,54.99,https://www.jomashop.com/dolce-and-gabbana-mens-light-blue-gift-set-fragrances-8057971187461.html,-5.009999999999998
DOLCE & GABBANA,LIGHT BLUE ITALIAN LOVE,MEN'S LIGHT BLUE GIFT SET FRAGRANCES,0.576271186440678,45.0,1,54.99,https://www.jomashop.com/dolce-and-gabbana-mens-light-blue-gift-set-fragrances-8057971187461.html,9.990000000000002
DOLCE & GABBANA,LIGHT BLUE SUMMER VIBES,MEN'S LIGHT BLUE GIFT SET FRAGRANCES,0.5423728813559322,40.0,2,54.99,https://www.jomashop.com/dolce-and-gabbana-mens-light-blue-gift-set-fragrances-8057971187461.html,14.990000000000002
DOLCE & GABBANA,THE ONE EDP,MEN'S THE ONE EDP SPRAY 1.7 OZ FRAGRANCES,0.4230769230769231,55.0,1,54.99,https://www.jomashop.com/dolce-and-gabbana-mens-the-one-edp-spray-1-7-oz-fragrances-3423473021384.html,-0.00999999999999801
DOLCE & GABBANA,THE ONE EDT TESTER,MEN'S THE ONE EDP SPRAY 3.4 OZ (TESTER) FRAGRANCES,0.5,25.0,1,64.99,https://www.jomashop.com/dolce-and-gabbana-mens-the-one-edp-spray-3-4-oz-tester-fragrances-3423473026846.html,39.989999999999995
DOLCE & GABBANA,THE ONE MYSTERIOUS NIGHT,THE ONE MEN BY EDP SPRAY 3.4 OZ (100 ML) (M),0.4117647058823529,225.0,2,62.0,https://www.jomashop.com/dolce-and-gabbana-perfume-thomes34-a.html,-163.0
DOLCE & GABBANA,THE ONE SPORT,MEN'S THE ONE EDP SPRAY 1.7 OZ FRAGRANCES,0.4444444444444444,55.0,1,54.99,https://www.jomashop.com/dolce-and-gabbana-mens-the-one-edp-spray-1-7-oz-fragrances-3423473021384.html,-0.00999999999999801
FREDERIC MALLE,CARNAL FLOWER,UNISEX CARNAL FLOWER EDP SPRAY 3.4 OZ FRAGRANCES,0.4262295081967213,197.5,6,221.99,https://www.jomashop.com/frederic-malle-carnal-flower-ladies-3-4-oz-edp-spray-3700135003613.html,24.49000000000001
GIORGIO ARMANI,ACQUA DI GIO,ACQUA DI GIO MEN BY EDT SPRAY 1.0 OZ,0.5,30.0,1,39.99,https://www.jomashop.com/acqua-di-gio-men-by-giorgio-armani-edt-spray-1-0-oz-acumts1.html,9.990000000000002
GIORGIO ARMANI,ACQUA DI GIO ABSOLU,ACQUA DI GIO MEN BY EDT SPRAY 1.0 OZ,0.5454545454545454,,0,39.99,https://www.jomashop.com/acqua-di-gio-men-by-giorgio-armani-edt-spray-1-0-oz-acumts1.html,
GIORGIO ARMANI,ACQUA DI GIO EDP,ACQUA DI GIO MEN BY EDT SPRAY 1.0 OZ,0.6153846153846154,65.0,1,39.99,https://www.jomashop.com/acqua-di-gio-men-by-giorgio-armani-edt-spray-1-0-oz-acumts1.html,-25.009999999999998
GIORGIO ARMANI,ACQUA DI GIO ELIXIR,MEN'S ACQUA DI GIO ELIXIR EDP SPRAY 1.7 FRAGRANCES,0.5507246376811594,65.0,1,130.0,https://www.jomashop.com/giorgio-armani-mens-acqua-di-gio-elixir-1-7-fragrances-3614274143751.html,65.0
GIORGIO ARMANI,ACQUA DI GIO FOR WOMEN EDT,ACQUA DI GIO MEN BY EDT SPRAY 1.0 OZ,0.6451612903225806,50.0,1,39.99,https://www.jomashop.com/acqua-di-gio-men-by-giorgio-armani-edt-spray-1-0-oz-acumts1.html,-10.009999999999998
GIORGIO ARMANI,ACQUA DI GIO PARFUM,MEN'S ACQUA DI GIO PARFUM 1.7 OZ FRAGRANCES,0.6129032258064516,112.5,2,72.99,https://www.jomashop.com/giorgio-armani-mens-acqua-di-gio-parfum-1-7-oz-fragrances-3614273954174.html,-39.510000000000005
GIORGIO ARMANI,ACQUA DI GIO PROFONDO,MEN'S ACQUA DI GIO PROFONDO EDP SPRAY 2.5 OZ (70 ML),0.5753424657534246,,0,102.99,https://www.jomashop.com/giorgio-armani-mens-acqua-di-gio-profondo-edp-spray-2-5-oz-fragrances-3614272865228.html,
GIORGIO ARMANI,ACQUA DI GIO PROFONDO PARFUM,MEN'S ACQUA DI GIO PROFONDO PARFUM 0.5 OZ FRAGRANCES,0.7,85.0,2,30.0,https://www.jomashop.com/giorgio-armani-mens-acqua-di-gio-profondo-parfum-0-5-oz-fragrances-3614274015331.html,-55.0
GIORGIO ARMANI,ACQUA DI GIO PROFUMO,MEN'S ACQUA DI GIO PARFUM 1.7 OZ FRAGRANCES,0.6031746031746031,160.0,1,72.99,https://www.jomashop.com/giorgio-armani-mens-acqua-di-gio-parfum-1-7-oz-fragrances-3614273954174.html,-87.01
GIORGIO ARMANI,ACQUA DI GIO PROFUMO 2022,MEN'S ACQUA DI GIO PARFUM 1.7 OZ FRAGRANCES,0.5882352941176471,200.0,2,72.99,https://www.jomashop.com/giorgio-armani-mens-acqua-di-gio-parfum-1-7-oz-fragrances-3614273954174.html,-127.01
GIORGIO ARMANI,ACQUA DI GIO PROFUMO 2023,MEN'S ACQUA DI GIO PARFUM 4.23 OZ FRAGRANCES,0.6086956521739131,140.0,2,127.99,https://www.jomashop.com/giorgio-armani-mens-acqua-di-gio-le-parfum-4-23-oz-fragrances-3614273907521.html,-12.010000000000005
GIORGIO ARMANI,ACQUA DI GIOIA,ACQUA DI GIO MEN BY EDT SPRAY 1.0 OZ,0.52,,0,39.99,https://www.jomashop.com/acqua-di-gio-men-by-giorgio-armani-edt-spray-1-0-oz-acumts1.html,
GIORGIO ARMANI,ADG PROFONDO PARFUM,MEN'S ACQUA DI GIO PROFONDO PARFUM 0.5 OZ FRAGRANCES,0.5352112676056338,70.0,1,30.0,https://www.jomashop.com/giorgio-armani-mens-acqua-di-gio-profondo-parfum-0-5-oz-fragrances-3614274015331.html,-40.0
GIORGIO ARMANI,AQUA DI GIO,ACQUA DI GIO MEN BY EDT SPRAY 1.0 OZ,0.46808510638297873,80.0,1,39.99,https://www.jomashop.com/acqua-di-gio-men-by-giorgio-armani-edt-spray-1-0-oz-acumts1.html,-40.01
GIORGIO ARMANI,AQUA DI GIO EDP,ACQUA DI GIO MEN BY EDT SPRAY 1.0 OZ,0.5882352941176471,105.0,1,39.99,https://www.jomashop.com/acqua-di-gio-men-by-giorgio-armani-edt-spray-1-0-oz-acumts1.html,-65.00999999999999
GIORGIO ARMANI,AQUA DI GIO PARFUM,MEN'S ACQUA DI GIO PARFUM 1.7 OZ FRAGRANCES,0.5901639344262295,98.33333333333333,3,72.99,https://www.jomashop.com/giorgio-armani-mens-acqua-di-gio-parfum-1-7-oz-fragrances-3614273954174.html,-25.343333333333334
GIORGIO ARMANI,AQUA DI GIO PROFONDO,MEN'S ACQUA DI GIO PROFONDO EDP SPRAY 2.5 OZ (70 ML),0.5555555555555556,10.0,1,102.99,https://www.jomashop.com/giorgio-armani-mens-acqua-di-gio-profondo-edp-spray-2-5-oz-fragrances-3614272865228.html,92.99
GIORGIO ARMANI,ARMANI CODE EDP,MEN'S ARMANI CODE EDP 1.7 OZ FRAGRANCES,0.5555555555555556,50.0,1,69.99,https://www.jomashop.com/giorgio-armani-mens-armani-code-edp-1-7-oz-fragrances-3614273636445.html,19.989999999999995
GIORGIO ARMANI,ARMANI CODE EDP 2024,MEN'S ARMANI CODE EDP 4.2 OZ FRAGRANCES,0.576271186440678,50.0,1,104.99,https://www.jomashop.com/giorgio-armani-mens-armani-code-edp-4-2-oz-fragrances-3614273636384.html,54.989999999999995
GIORGIO ARMANI,ARMANI CODE EDT,MEN'S ARMANI CODE EDP 1.7 OZ FRAGRANCES,0.5185185185185185,63.0,1,69.99,https://www.jomashop.com/giorgio-armani-mens-armani-code-edp-1-7-oz-fragrances-3614273636445.html,6.989999999999995
GIORGIO ARMANI,CODE PARFUM,MEN'S CODE PARFUM 1 OZ FRAGRANCES,0.5,40.0,1,54.99,https://www.jomashop.com/giorgio-armani-mens-code-parfum-1-oz-fragrances-3614274298024.html,14.990000000000002
GIORGIO ARMANI,STRONGER WITH YOU ABSOLUTELY,- EMPORIO ARMANI STRONGER WITH YOU ABSOLUTELY EAU DE PARFUM SPRAY 50ML/1.7OZ,0.5384615384615384,85.0,3,71.99,https://www.jomashop.com/giorgio-armani-emporio-armani-stronger-with-you-absolutely-eau-de-parfum-spray-50ml-1-7oz-3614273335812.html,-13.010000000000005
GIORGIO ARMANI,STRONGER WITH YOU ABSOLUTELY PARFUM,- EMPORIO ARMANI STRONGER WITH YOU ABSOLUTELY EAU DE PARFUM SPRAY 50ML/1.7OZ,0.6306306306306306,100.0,1,71.99,https://www.jomashop.com/giorgio-armani-emporio-armani-stronger-with-you-absolutely-eau-de-parfum-spray-50ml-1-7oz-3614273335812.html,-28.010000000000005
GIORGIO ARMANI,STRONGER WITH YOU INTENSELY,EMPORIO STRONGER WITH YOU INTENSELY / EDP SPRAY 3.4 OZ (100 ML) (M),0.574468085106383,83.33333333333333,3,98.0,https://www.jomashop.com/giorgio-armani-fragrances-ewimes34-a.html,14.666666666666671
GIVENCHY,GENTLEMAN AMBREE,MEN'S GENTLEMAN BOISEE GIFT SET FRAGRANCES,0.4482758620689655,97.0,1,74.99,https://www.jomashop.com/givenchy-mens-gentleman-boisee-gift-set-fragrances-3274872442184.html,-22.010000000000005
GIVENCHY,GENTLEMAN BOISEE,MEN'S GENTLEMAN BOISEE GIFT SET FRAGRANCES,0.5517241379310345,75.0,1,74.99,https://www.jomashop.com/givenchy-mens-gentleman-boisee-gift-set-fragrances-3274872442184.html,-0.010000000000005116
GIVENCHY,GENTLEMAN EDP,MEN'S GENTLEMAN BOISEE EDP 6.7 OZ FRAGRANCES,0.45614035087719296,50.0,1,129.99,https://www.jomashop.com/givenchy-mens-gentleman-boisee-edp-6-7-oz-fragrances-3274872451698.html,79.99000000000001
GIVENCHY,GENTLEMAN EDP BOISEE,MEN'S GENTLEMAN BOISEE GIFT SET FRAGRANCES,0.5161290322580645,65.0,2,74.99,https://www.jomashop.com/givenchy-mens-gentleman-boisee-gift-set-fragrances-3274872442184.html,9.989999999999995
GIVENCHY,GENTLEMAN EDT INTENSE,MEN'S GENTLEMAN BOISEE EDP 6.7 OZ FRAGRANCES,0.49230769230769234,50.0,1,129.99,https://www.jomashop.com/givenchy-mens-gentleman-boisee-edp-6-7-oz-fragrances-3274872451698.html,79.99000000000001
GIVENCHY,GENTLEMAN RESERVE PRIVEE,MEN'S GENTLEMAN SOCIETY EXTREME EDP SPRAY 2.0 OZ FRAGRANCES,0.40963855421686746,84.5,2,69.99,https://www.jomashop.com/givenchy-mens-gentleman-society-extreme-edp-spray-2-0-oz-fragrances-3274872467958.html,-14.510000000000005
GIVENCHY,GENTLEMAN SOCIETY,MEN'S GENTLEMAN BOISEE GIFT SET FRAGRANCES,0.4745762711864407,,0,74.99,https://www.jomashop.com/givenchy-mens-gentleman-boisee-gift-set-fragrances-3274872442184.html,
GUCCI,FLORA GORGEOUS GARDENIA,LADIES FLORA GORGEOUS GARDENIA GIFT SET FRAGRANCES,0.6301369863013698,85.0,1,114.0,https://www.jomashop.com/gucci-ladies-flora-gorgeous-gardenia-gift-set-fragrances-3616303784812.html,29.0
GUCCI,FLORA GORGEOUS ORCHID,LADIES FLORA GORGEOUS ORCHID EDP .16 OZ FRAGRANCES,0.5915492957746479,70.0,1,19.99,https://www.jomashop.com/gucci-ladies-gucci-flora-gorgeous-orchid-edp-16-oz-fragrances-3616305169303.html,-50.010000000000005
GUCCI,GUCCI GUILTY ABSOLUTE,GUILTY / BEAUTY WISHES SET (M),0.43137254901960786,65.0,2,69.99,https://www.jomashop.com/gucci-guilty-gucci-beauty-wishes-set-m-3616303459598.html,4.989999999999995
GUCCI,GUCCI POUR HOMME II,MEN'S GUILTY POUR HOMME GIFT SET FRAGRANCES,0.5161290322580645,225.0,1,69.99,https://www.jomashop.com/gucci-mens-gucci-guilty-pour-homme-gift-set-fragrances-3616304104367.html,-155.01
GUCCI,GUILTY ABSOLUTE,GUILTY / BEAUTY WISHES SET (M),0.4888888888888889,50.0,1,69.99,https://www.jomashop.com/gucci-guilty-gucci-beauty-wishes-set-m-3616303459598.html,19.989999999999995
GUCCI,GUILTY BLACK EDT,GUILTY / BEAUTY WISHES SET (M),0.5217391304347826,70.0,1,69.99,https://www.jomashop.com/gucci-guilty-gucci-beauty-wishes-set-m-3616303459598.html,-0.010000000000005116
GUCCI,GUILTY BLACK POUR HOMME,GUILTY POUR HOMME / EDT SPRAY 3.0 OZ (M),0.5396825396825397,60.0,1,61.99,https://www.jomashop.com/gucci-ggymts3.html,1.990000000000002
GUCCI,GUILTY ELIXIR,GUILTY / BEAUTY WISHES SET (M),0.4186046511627907,80.0,1,69.99,https://www.jomashop.com/gucci-guilty-gucci-beauty-wishes-set-m-3616303459598.html,-10.010000000000005
GUCCI,GUILTY ELIXIR POUR FEMME,GUILTY POUR HOMME / EDT SPRAY 3.0 OZ (M),0.46875,90.0,2,61.99,https://www.jomashop.com/gucci-ggymts3.html,-28.009999999999998
GUCCI,GUILTY ESSENCE,GUILTY / BEAUTY WISHES SET (M),0.5,70.0,1,69.99,https://www.jomashop.com/gucci-guilty-gucci-beauty-wishes-set-m-3616303459598.html,-0.010000000000005116
GUCCI,GUILTY FEMME,GUILTY / BEAUTY WISHES SET (M),0.42857142857142855,55.0,1,69.99,https://www.jomashop.com/gucci-guilty-gucci-beauty-wishes-set-m-3616303459598.html,14.989999999999995
GUCCI,GUILTY INTENSE,GUILTY / BEAUTY WISHES SET (M),0.5,67.33333333333333,3,69.99,https://www.jomashop.com/gucci-guilty-gucci-beauty-wishes-set-m-3616303459598.html,2.6566666666666663
GUCCI,GUILTY PARFUM POUR HOMME,GUILTY POUR HOMME / EDT SPRAY 3.0 OZ (M),0.53125,80.0,1,61.99,https://www.jomashop.com/gucci-ggymts3.html,-18.009999999999998
GUCCI,GUILTY POUR FEMME,GUILTY POUR HOMME / EDT SPRAY 3.0 OZ (M),0.5263157894736842,70.0,1,61.99,https://www.jomashop.com/gucci-ggymts3.html,-8.009999999999998
GUCCI,GUILTY POUR HOMME,GUILTY POUR HOMME / EDT SPRAY 3.0 OZ (M),0.5964912280701754,40.0,1,61.99,https://www.jomashop.com/gucci-ggymts3.html,21.990000000000002
GUCCI,THE ALCHEMIST'S GARDEN A CHANT FOR THE NYMPH,LADIES FLORA GORGEOUS GARDENIA GIFT SET FRAGRANCES,0.40425531914893614,200.0,2,114.0,https://www.jomashop.com/gucci-ladies-flora-gorgeous-gardenia-gift-set-fragrances-3616303784812.html,-86.0
GUCCI,THE ALCHEMIST'S GARDEN A SONG FOR THE ROSE,LADIES FLORA GORGEOUS GARDENIA GIFT SET FRAGRANCES,0.43478260869565216,175.0,2,114.0,https://www.jomashop.com/gucci-ladies-flora-gorgeous-gardenia-gift-set-fragrances-3616303784812.html,-61.0
GUCCI,VINTAGE OG POUR HOMME,GUILTY POUR HOMME / EDT SPRAY 3.0 OZ (M),0.4262295081967213,55.0,1,61.99,https://www.jomashop.com/gucci-ggymts3.html,6.990000000000002
HUGO BOSS,BOSS BOTTLED ABSOLU,MEN'S BOTTLED ABSOLU PARFUM INTENSE EDP 3.3 OZ FRAGRANCES,0.42105263157894735,90.75,4,97.5,https://www.jomashop.com/hugo-boss-mens-bottled-absolu-parfum-intense-edp-3-3-oz-fragrances-3616305480620.html,6.75
HUGO BOSS,BOSS BOTTLED BOLD CITRUS,MEN'S BOTTLED ABSOLU PARFUM INTENSE EDP 3.3 OZ FRAGRANCES,0.41975308641975306,70.0,2,97.5,https://www.jomashop.com/hugo-boss-mens-bottled-absolu-parfum-intense-edp-3-3-oz-fragrances-3616305480620.html,27.5
JEAN PAUL GAULTIER,ELIXIR ABSOLU,MEN'S LE MALE ELIXIR ABSOLU 6.8 OZ FRAGRANCES,0.4482758620689655,110.0,1,179.99,https://www.jomashop.com/jean-paul-gaultier-mens-le-male-elixir-absolu-6-8-oz-fragrances-8435415102353.html,69.99000000000001
JEAN PAUL GAULTIER,LE BEAU EDT,MEN'S LE BEAU EDT SPRAY 2.5 OZ FRAGRANCES,0.4230769230769231,87.5,2,74.99,https://www.jomashop.com/jean-paul-gaultier-mens-le-beau-edt-spray-2-5-oz-fragrances-8435415017190.html,-12.510000000000005
JEAN PAUL GAULTIER,LE BEAU FLOWER EDITION,MEN'S LE BEAU EDT SPRAY 2.5 OZ FRAGRANCES,0.4126984126984127,145.0,1,74.99,https://www.jomashop.com/jean-paul-gaultier-mens-le-beau-edt-spray-2-5-oz-fragrances-8435415017190.html,-70.01
JEAN PAUL GAULTIER,LE BEAU LE PARFUM,LE MALE / J.P.G SET (M),0.45,92.66666666666667,3,69.99,https://www.jomashop.com/jean-paul-gaultier-le-male-j-p-g-set-m-8435415081238.html,-22.676666666666677
JEAN PAUL GAULTIER,LE BEAU PARADISE GARDEN,MEN'S LE BEAU PARADISE GARDEN EDP SPRAY 2.5 OZ,0.6666666666666666,89.0,2,77.95,https://www.jomashop.com/jean-paul-gaultier-mens-le-beau-paradise-garden-edp-2-5-oz-fragrances-8435415091244.html,-11.049999999999997
JEAN PAUL GAULTIER,LE MALE,LE MALE / J.P.G SET (M),0.4666666666666667,15.0,1,69.99,https://www.jomashop.com/jean-paul-gaultier-le-male-j-p-g-set-m-8435415081238.html,54.989999999999995
JEAN PAUL GAULTIER,LE MALE ELIXIR,LE MALE / J.P.G SET (M),0.4864864864864865,82.66666666666667,3,69.99,https://www.jomashop.com/jean-paul-gaultier-le-male-j-p-g-set-m-8435415081238.html,-12.676666666666677
JEAN PAUL GAULTIER,LE MALE LE PARFUM,LE MALE / J.P.G SET (M),0.55,88.28571428571429,7,69.99,https://www.jomashop.com/jean-paul-gaultier-le-male-j-p-g-set-m-8435415081238.html,-18.295714285714297
JEAN PAUL GAULTIER,LE MALE PARFUM,LE MALE / J.P.G SET (M),0.5405405405405406,50.0,1,69.99,https://www.jomashop.com/jean-paul-gaultier-le-male-j-p-g-set-m-8435415081238.html,19.989999999999995
JEAN PAUL GAULTIER,PARADISE GARDEN,LADIES LA BELLE PARADISE GARDEN EDP 3.4 OZ,0.5263157894736842,48.333333333333336,3,99.99,https://www.jomashop.com/jean-paul-gaultier-ladies-la-belle-paradise-garden-edp-3-4-oz-fragrances-8435415091251.html,51.65666666666666
JEAN PAUL GAULTIER,SCANDAL ABSOLU,MEN'S SCANDAL ABSOLU PARFUM 1.7 OZ FRAGRANCES,0.4745762711864407,37.5,2,79.99,https://www.jomashop.com/jean-paul-gaultier-mens-scandal-absolu-parfum-1-7-oz-fragrances-8435415080378.html,42.489999999999995
JEAN PAUL GAULTIER,SCANDAL LE PARFUM,MEN'S SCANDAL ABSOLU PARFUM 1.7 OZ FRAGRANCES,0.5161290322580645,66.83333333333333,6,79.99,https://www.jomashop.com/jean-paul-gaultier-mens-scandal-absolu-parfum-1-7-oz-fragrances-8435415080378.html,13.156666666666666
JEAN PAUL GAULTIER,SCANDAL PARFUM VINTAGE,MEN'S SCANDAL ABSOLU PARFUM 1.7 OZ FRAGRANCES,0.5373134328358209,300.0,1,79.99,https://www.jomashop.com/jean-paul-gaultier-mens-scandal-absolu-parfum-1-7-oz-fragrances-8435415080378.html,-220.01
JEAN PAUL GAULTIER,SCANDAL POUR HOMME LE PARFUM,MEN'S SCANDAL ABSOLU PARFUM 1.7 OZ FRAGRANCES,0.4657534246575342,55.0,1,79.99,https://www.jomashop.com/jean-paul-gaultier-mens-scandal-absolu-parfum-1-7-oz-fragrances-8435415080378.html,24.989999999999995
JEAN PAUL GAULTIER,ULTRA MALE,MEN'S ULTRA MALE EDT SPRAY 4.2 OZ,0.46511627906976744,85.0,1,104.99,https://www.jomashop.com/jean-paul-gaultier-mens-ultra-male-edt-spray-4-2-oz-fragrances-8435415012027.html,19.989999999999995
JIMMY CHOO,I WANT CHOO EDP,I WANT CHOO / EDP SPRAY 1.3 OZ (40 ML) (W),0.5263157894736842,60.0,1,39.99,https://www.jomashop.com/i-want-choo-jimmy-choo-edp-spray-1-3-oz-40-ml-w-3386460119276.html,-20.009999999999998
JIMMY CHOO,I WANT CHOO FOREVER,LADIES I WANT CHOO FOREVER GIFT SET FRAGRANCES,0.5846153846153846,75.0,1,99.99,https://www.jomashop.com/jimmy-choo-ladies-i-want-choo-forever-gift-set-fragrances-3386460134415.html,24.989999999999995
JIMMY CHOO,I WANT CHOO LE PARFUM,LADIES I WANT CHOO LE PARFUM SPRAY 3.4 OZ FRAGRANCES,0.5753424657534246,77.5,2,79.99,https://www.jomashop.com/jimmy-choo-ladies-i-want-choo-le-parfum-edp-spray-3-4-oz-fragrances-3386460141703.html,2.489999999999995
JIMMY CHOO,MAN ICE,MAN INTENSE / SET (M),0.42857142857142855,10.0,1,59.99,https://www.jomashop.com/jimmy-choo-man-intense-jimmy-choo-set-m-3386460129800.html,49.99
JIMMY CHOO,MAN INTENSE,MAN INTENSE / SET (M),0.6875,2.0,1,59.99,https://www.jomashop.com/jimmy-choo-man-intense-jimmy-choo-set-m-3386460129800.html,57.99
JO MALONE LONDON,ENGLISH PEAR AND SWEET PEA,JO MALONE ENGLISH PEAR & FREESIA PERFUME 3.4 OZ COLOGNE SPRAY,0.45977011494252873,82.5,2,104.99,https://www.jomashop.com/jo-malone-london-english-pear-freesia-cologne-690251019113.html,22.489999999999995
KILIAN,ANGEL'S SHARE,UNISEX ANGEL'S SHARE EDP 3.4 OZ FRAGRANCES,0.4727272727272727,314.6666666666667,3,325.0,https://www.jomashop.com/kilian-unisex-angels-share-edp-3-4-oz-fragrances-3700550232971.html,10.333333333333314
KILIAN,ANGELS SHARE,UNISEX ANGEL'S SHARE EDP 3.4 OZ FRAGRANCES,0.4444444444444444,,0,325.0,https://www.jomashop.com/kilian-unisex-angels-share-edp-3-4-oz-fragrances-3700550232971.html,
KILIAN,ANGELS' SHARE,UNISEX ANGEL'S SHARE EDP 3.4 OZ FRAGRANCES,0.43636363636363634,225.0,2,325.0,https://www.jomashop.com/kilian-unisex-angels-share-edp-3-4-oz-fragrances-3700550232971.html,100.0
KILIAN,ANGELS' SHARE PARADIS,UNISEX ANGEL'S SHARE EDP 3.4 OZ FRAGRANCES,0.5396825396825397,330.0,1,325.0,https://www.jomashop.com/kilian-unisex-angels-share-edp-3-4-oz-fragrances-3700550232971.html,-5.0
KILIAN,APPLE BRANDY ON THE ROCKS,UNISEX APPLE BRANDY ON THE ROCKS EDP 3.4 OZ FRAGRANCES,0.6329113924050633,130.0,1,299.99,https://www.jomashop.com/kilian-unisex-apple-brandy-on-the-rocks-edp-3-4-oz-fragrances-3700550232995.html,169.99
LATTAFA,AL NASHAMA CAPRICE,UNISEX AL NASHAMA CAPRICE EDP 3.4 OZ FRAGRANCES,0.5538461538461539,20.0,1,26.99,https://www.jomashop.com/lattafa-unisex-al-nashama-caprice-edp-3-4-oz-fragrances-6290360593173.html,6.989999999999998
LATTAFA,ART OF ARABIA III,PRIDE ART OF ARABIA I EDP 3.4 OZ FRAGRANCES 6290360591988,0.40540540540540543,25.0,2,,https://www.jomashop.com/lattafa-pride-art-of-arabia-i-edp-3-4-oz-fragrances-6290360591988.html,
LATTAFA,ART OF UNIVERSE,UNISEX ART OF UNIVERSE EDP SPRAY 3.4 OZ FRAGRANCES,0.46153846153846156,40.0,1,44.99,https://www.jomashop.com/lattafa-unisex-art-of-universe-edp-spray-3-4-oz-fragrances-6290360592206.html,4.990000000000002
LATTAFA,ECLAIRE EDP,UNISEX ECLAIRE EDP SPRAY 3.4 OZ FRAGRANCES,0.41509433962264153,30.0,1,27.99,https://www.jomashop.com/lattafa-unisex-eclaire-edp-spray-3-4-oz-fragrances-6290362340638.html,-2.0100000000000016
LATTAFA,FAKHAR PLATIN,UNISEX FAKHAR PLATIN EDP SPRAY 3.4 OZ FRAGRANCES,0.4262295081967213,25.0,2,34.99,https://www.jomashop.com/lattafa-unisex-fakhar-platin-edp-spray-3-4-oz-fragrances-6290362345817.html,9.990000000000002
LATTAFA,HIS CONFESSION,MEN'S HIS CONFESSION EDP SPRAY 3.4 OZ FRAGRANCES,0.45161290322580644,30.0,1,39.99,https://www.jomashop.com/lattafa-mens-his-confession-edp-spray-3-4-oz-fragrances-6290360599113.html,9.990000000000002
LATTAFA,KHAMRAH QAHWA,UNISEX KHAMRAH QAHWA EDP SPRAY 3.4 OZ FRAGRANCES,0.4262295081967213,20.0,1,24.99,https://www.jomashop.com/lattafa-unisex-khamrah-qahwa-edp-spray-3-4-oz-fragrances-6290360593661.html,4.989999999999998
LATTAFA,LIAM LIAM GREY,UNISEX LIAM GREY EDP 3.4 OZ FRAGRANCES,0.4230769230769231,16.0,1,24.99,https://www.jomashop.com/lattafa-unisex-liam-grey-edp-3-4-oz-fragrances-6290360591537.html,8.989999999999998
MAISON FRANCIS KURKDJIAN,540 EXTRAIT,BACCARAT ROUGE 540 EXTRAIT 5X11ML,0.5,680.0,1,406.99,https://www.jomashop.com/maison-francis-kurkdjian-baccarat-rouge-540-extrait-5x11ml-3700559608012.html,-273.01
MAISON FRANCIS KURKDJIAN,AMYRIS EXTRAIT,BACCARAT ROUGE 540 EXTRAIT 5X11ML,0.425531914893617,240.0,1,406.99,https://www.jomashop.com/maison-francis-kurkdjian-baccarat-rouge-540-extrait-5x11ml-3700559608012.html,166.99
MAISON FRANCIS KURKDJIAN,AMYRIS FEMME EXTRAIT,BACCARAT ROUGE 540 EXTRAIT 5X11ML,0.4528301886792453,200.0,1,406.99,https://www.jomashop.com/maison-francis-kurkdjian-baccarat-rouge-540-extrait-5x11ml-3700559608012.html,206.99
MAISON FRANCIS KURKDJIAN,AMYRIS HOMME EXTRAIT,BACCARAT ROUGE 540 EXTRAIT 5X11ML,0.49056603773584906,229.25,4,406.99,https://www.jomashop.com/maison-francis-kurkdjian-baccarat-rouge-540-extrait-5x11ml-3700559608012.html,177.74
MAISON FRANCIS KURKDJIAN,BACCARAT EX,BACCARAT ROUGE 540 EXTRAIT 5X11ML,0.5,190.0,1,406.99,https://www.jomashop.com/maison-francis-kurkdjian-baccarat-rouge-540-extrait-5x11ml-3700559608012.html,216.99
MAISON FRANCIS KURKDJIAN,BACCARAT PERFUMED OIL,BACCARAT ROUGE 540 EXTRAIT 5X11ML,0.48148148148148145,65.0,1,406.99,https://www.jomashop.com/maison-francis-kurkdjian-baccarat-rouge-540-extrait-5x11ml-3700559608012.html,341.99
MAISON FRANCIS KURKDJIAN,BACCARAT ROUGE 540,BACCARAT ROUGE 540 EXTRAIT 5X11ML,0.7058823529411765,,0,406.99,https://www.jomashop.com/maison-francis-kurkdjian-baccarat-rouge-540-extrait-5x11ml-3700559608012.html,
MAISON FRANCIS KURKDJIAN,BACCARAT ROUGE 540 BODY OIL,BACCARAT ROUGE 540 EXTRAIT 5X11ML,0.7,65.0,2,406.99,https://www.jomashop.com/maison-francis-kurkdjian-baccarat-rouge-540-extrait-5x11ml-3700559608012.html,341.99
MAISON FRANCIS KURKDJIAN,BACCARAT ROUGE 540 EDP,BACCARAT ROUGE 540 EXTRAIT 5X11ML,0.7272727272727273,275.8235294117647,17,406.99,https://www.jomashop.com/maison-francis-kurkdjian-baccarat-rouge-540-extrait-5x11ml-3700559608012.html,131.1664705882353
MAISON FRANCIS KURKDJIAN,BACCARAT ROUGE 540 EDP 2021 2,BACCARAT ROUGE 540 EXTRAIT 5X11ML,0.7096774193548387,410.0,1,406.99,https://www.jomashop.com/maison-francis-kurkdjian-baccarat-rouge-540-extrait-5x11ml-3700559608012.html,-3.009999999999991
MAISON FRANCIS KURKDJIAN,BACCARAT ROUGE 540 EXTRAIT,BACCARAT ROUGE 540 EXTRAIT 5X11ML,0.8813559322033898,395.1304347826087,23,406.99,https://www.jomashop.com/maison-francis-kurkdjian-baccarat-rouge-540-extrait-5x11ml-3700559608012.html,11.85956521739132
MAISON FRANCIS KURKDJIAN,BACCARAT ROUGE 540 FRAGRANCE RITUAL GIFT SET - 3 PIECE,UNISEX BACCARAT ROUGE 540 SPRAY GIFT SET FRAGRANCES,0.6285714285714286,220.0,1,235.99,https://www.jomashop.com/maison-francis-kurkdjian-unisex-baccarat-rouge-540-spray-gift-set-fragrances-3700559606735.html,15.990000000000009
MAISON FRANCIS KURKDJIAN,BACCARAT ROUGE 540 HAIR MIST,BACCARAT ROUGE 540 EXTRAIT 5X11ML,0.7540983606557377,75.0,3,406.99,https://www.jomashop.com/maison-francis-kurkdjian-baccarat-rouge-540-extrait-5x11ml-3700559608012.html,331.99
MAISON FRANCIS KURKDJIAN,BR540 EXTRAIT,BACCARAT ROUGE 540 EXTRAIT 5X11ML,0.5652173913043478,135.0,1,406.99,https://www.jomashop.com/maison-francis-kurkdjian-baccarat-rouge-540-extrait-5x11ml-3700559608012.html,271.99
MAISON FRANCIS KURKDJIAN,GENTLE FLUIDITY,GENTLE FLUIDITY SILVER 6.8 OZ EAU DE PARFUM SPRAY,0.46875,280.0,1,449.99,https://www.jomashop.com/maison-francis-kurkdjian-gentle-fluidity-silver-6-8-oz-eau-de-parfum-spray-3700559609804.html,169.99
MAISON FRANCIS KURKDJIAN,GENTLE FLUIDITY GOLD,GENTLE FLUIDITY SILVER 6.8 OZ EAU DE PARFUM SPRAY,0.5217391304347826,189.6153846153846,13,449.99,https://www.jomashop.com/maison-francis-kurkdjian-gentle-fluidity-silver-6-8-oz-eau-de-parfum-spray-3700559609804.html,260.37461538461537
MAISON FRANCIS KURKDJIAN,GENTLE FLUIDITY SILVER,GENTLE FLUIDITY SILVER 6.8 OZ EAU DE PARFUM SPRAY,0.6197183098591549,136.25,4,449.99,https://www.jomashop.com/maison-francis-kurkdjian-gentle-fluidity-silver-6-8-oz-eau-de-parfum-spray-3700559609804.html,313.74
MAISON FRANCIS KURKDJIAN,OUD EXTRAIT,BACCARAT ROUGE 540 EXTRAIT 5X11ML,0.45454545454545453,212.5,4,406.99,https://www.jomashop.com/maison-francis-kurkdjian-baccarat-rouge-540-extrait-5x11ml-3700559608012.html,194.49
MAISON FRANCIS KURKDJIAN,OUD SATIN MOOD,OUD SATIN MOOD 6.8 OZ EAU DE PARFUM SPRAY,0.509090909090909,355.0,4,601.99,https://www.jomashop.com/maison-francis-kurkdjian-oud-satin-mood-6-8-oz-eau-de-parfum-spray-3700559605370.html,246.99
MAISON FRANCIS KURKDJIAN,OUD SATIN MOOD EDP,OUD SATIN MOOD 6.8 OZ EAU DE PARFUM SPRAY,0.6101694915254238,162.5,4,601.99,https://www.jomashop.com/maison-francis-kurkdjian-oud-satin-mood-6-8-oz-eau-de-parfum-spray-3700559605370.html,439.49
MAISON FRANCIS KURKDJIAN,OUD SATIN MOOD EXTRAIT,OUD SATIN MOOD 6.8 OZ EAU DE PARFUM SPRAY,0.5714285714285714,251.25,4,601.99,https://www.jomashop.com/maison-francis-kurkdjian-oud-satin-mood-6-8-oz-eau-de-parfum-spray-3700559605370.html,350.74
MAISON FRANCIS KURKDJIAN,OUD SILK MOOD,OUD SATIN MOOD 6.8 OZ EAU DE PARFUM SPRAY,0.4074074074074074,141.33333333333334,3,601.99,https://www.jomashop.com/maison-francis-kurkdjian-oud-satin-mood-6-8-oz-eau-de-parfum-spray-3700559605370.html,460.65666666666664
MAISON FRANCIS KURKDJIAN,OUD SILK MOOD EDP,OUD SATIN MOOD 6.8 OZ EAU DE PARFUM SPRAY,0.5172413793103449,158.75,4,601.99,https://www.jomashop.com/maison-francis-kurkdjian-oud-satin-mood-6-8-oz-eau-de-parfum-spray-3700559605370.html,443.24
MAISON FRANCIS KURKDJIAN,OUD SILK MOOD EX,OUD SATIN MOOD 6.8 OZ EAU DE PARFUM SPRAY,0.45614035087719296,220.0,1,601.99,https://www.jomashop.com/maison-francis-kurkdjian-oud-satin-mood-6-8-oz-eau-de-parfum-spray-3700559605370.html,381.99
MAISON FRANCIS KURKDJIAN,OUD SILK MOOD EXTRAIT,OUD SATIN MOOD 6.8 OZ EAU DE PARFUM SPRAY,0.4838709677419355,193.33333333333334,3,601.99,https://www.jomashop.com/maison-francis-kurkdjian-oud-satin-mood-6-8-oz-eau-de-parfum-spray-3700559605370.html,408.65666666666664
MAISON FRANCIS KURKDJIAN,OUD SILK MOOD EXTRAIT DE PARFUM,OUD SATIN MOOD 6.8 OZ EAU DE PARFUM SPRAY,0.6666666666666666,175.0,1,601.99,https://www.jomashop.com/maison-francis-kurkdjian-oud-satin-mood-6-8-oz-eau-de-parfum-spray-3700559605370.html,426.99
MAISON FRANCIS KURKDJIAN,OUD VELVET MOOD EX,OUD SATIN MOOD 6.8 OZ EAU DE PARFUM SPRAY,0.4067796610169492,320.0,1,601.99,https://www.jomashop.com/maison-francis-kurkdjian-oud-satin-mood-6-8-oz-eau-de-parfum-spray-3700559605370.html,281.99
MAISON FRANCIS KURKDJIAN,ROUGE TRAFALGAR,BACCARAT ROUGE 540 EXTRAIT 5X11ML,0.4166666666666667,380.0,1,406.99,https://www.jomashop.com/maison-francis-kurkdjian-baccarat-rouge-540-extrait-5x11ml-3700559608012.html,26.99000000000001
MAISON FRANCIS KURKDJIAN,SATIN MOOD EXTRAIT,OUD SATIN MOOD 6.8 OZ EAU DE PARFUM SPRAY,0.4745762711864407,275.0,1,601.99,https://www.jomashop.com/maison-francis-kurkdjian-oud-satin-mood-6-8-oz-eau-de-parfum-spray-3700559605370.html,326.99
MAISON FRANCIS KURKDJIAN,SOLEIL NEIGE PARFUM,PARIS GENTLE SILVER EDITION - EAU DE PARFUM 2.4 OZ,0.463768115942029,295.0,1,229.99,https://www.jomashop.com/maison-francis-kurkdjian-paris-gentle-silver-edition-eau-de-parfum-2-4-oz-3700559607671.html,-65.00999999999999
MANCERA,AOUD LEMON MINT,UNISEX AOUD LEMON MINT EDP SPRAY 4 OZ (120 ML),0.4918032786885246,45.0,1,76.99,https://www.jomashop.com/mancera-unisex-aoud-lemon-mint-edp-spray-4-oz-fragrances-3760265190164.html,31.989999999999995
MANCERA,CEDRAT BOISE,UNISEX CEDRAT BOISE EDP SPRAY 4 OZ (120 ML),0.43636363636363634,66.25,4,73.5,https://www.jomashop.com/mancera-unisex-cedrat-boise-edp-spray-4-oz-fragrances-3760265190485.html,7.25
MANCERA,CEDRAT BOISE INTENSE,UNISEX CEDRAT BOISE EDP SPRAY 4 OZ (120 ML),0.47619047619047616,85.0,2,73.5,https://www.jomashop.com/mancera-unisex-cedrat-boise-edp-spray-4-oz-fragrances-3760265190485.html,-11.5
MANCERA,COSMIC PEPPER,UNISEX COSMIC PEPPER EDP SPRAY 4.0 OZ FRAGRANCES,0.4262295081967213,45.0,1,89.99,https://www.jomashop.com/mancera-unisex-cosmic-pepper-edp-spray-4-0-oz-fragrances-3760265194452.html,44.989999999999995
MANCERA,FRENCH RIVIERA,UNISEX FRENCH RIVIERA EDP 4.0 OZ FRAGRANCES,0.49122807017543857,95.0,2,114.99,https://www.jomashop.com/mancera-unisex-french-riviera-edp-4-0-oz-fragrances-3760265194230.html,19.989999999999995
MANCERA,INTENSE CEDRAT BOISE,UNISEX INTENSE CEDRAT BOISE EDP 4.0 OZ FRAGRANCES,0.5797101449275363,,0,89.99,https://www.jomashop.com/mancera-unisex-intense-cedrat-boise-edp-4-0-oz-fragrances-3760265194032.html,
MANCERA,TONKA COLA,TONKA COLA EDP 4 OZ FRAGRANCES,0.5,90.0,2,85.0,https://www.jomashop.com/mancera-mens-tonka-cola-edp-4-oz-fragrances-3760265194391.html,-5.0
MARC JACOBS,DAISY EAU SO FRESH POP EDT,LADIES DAISY EDT SPRAY 1.0 OZ FRAGRANCES,0.45454545454545453,95.0,1,36.99,https://www.jomashop.com/marc-jacobs-ladies-daisy-edt-spray-1-0-oz-fragrances-3614229159035.html,-58.01
MONTALE,ARABIAN'S TONKA,UNISEX ARABIANS TONKA EDP 1.7 OZ FRAGRANCES,0.4827586206896552,18.0,1,79.99,https://www.jomashop.com/montale-unisex-arabians-tonka-edp-1-7-oz-fragrances-3760260457378.html,61.989999999999995
MONTALE,ARABIANS TONKA,UNISEX ARABIANS TONKA EDP 1.7 OZ FRAGRANCES,0.49122807017543857,95.0,2,79.99,https://www.jomashop.com/montale-unisex-arabians-tonka-edp-1-7-oz-fragrances-3760260457378.html,-15.010000000000005
MONTALE,INTENSE CAFE,INTENSE CAFE / EDP SPRAY 3.4 OZ (100 ML) (U),0.42857142857142855,47.5,2,71.99,https://www.jomashop.com/montale-perfume-itces34.html,24.489999999999995
NISHANE,HUNDRED SILENT WAYS,MEN'S HUNDRED SILENT WAYS EXTRAIT DE PARFUM SPRAY 1.7 OZ FRAGRANCES,0.4418604651162791,60.0,2,128.99,https://www.jomashop.com/nishane-hundred-silent-ways-1-7-oz-edp-spray-8681008055586.html,68.99000000000001
NISHANE,HUNDRED SILENT WAYS X,MEN'S HUNDRED SILENT WAYS EXTRAIT DE PARFUM SPRAY 1.7 OZ FRAGRANCES,0.4772727272727273,175.0,1,128.99,https://www.jomashop.com/nishane-hundred-silent-ways-1-7-oz-edp-spray-8681008055586.html,-46.00999999999999
PACO RABANNE,1 MILLION ELIXIR,1 MILLION / EDT SPRAY 1.7 OZ (M),0.5,,0,54.99,https://www.jomashop.com/paco-rabanne-1mimts17-a.html,
PACO RABANNE,MILLION GOLD,1 MILLION MEN'S / 3.3OZ (100 ML),0.45454545454545453,85.0,1,74.99,https://www.jomashop.com/paco-rabanne-perfume-1mimts33-a.html,-10.010000000000005
PACO RABANNE,PHANTOM PARFUM,MEN'S PHANTOM PARFUM SPRAY 3.4 OZ FRAGRANCES,0.4827586206896552,,0,79.99,https://www.jomashop.com/paco-rabanne-mens-phantom-parfum-spray-3-4-oz-fragrances-3349668614592.html,
PARFUMS DE MARLY,DELINA EXCLUSIF,LADIES DELINA EXCLUSIF EDP SPRAY 1.0 OZ FRAGRANCES,0.46153846153846156,174.66666666666666,3,238.5,https://www.jomashop.com/parfums-de-marly-ladies-delina-exclusif-edp-spray-1-0-oz-fragrances-3700578502339.html,63.83333333333334
PARFUMS DE MARLY,DELINA LA ROSEE,DELINA BODY OIL 3.4 OZ FRAGRANCES,0.4583333333333333,160.625,8,99.0,https://www.jomashop.com/parfums-de-marly-delina-edp-oil-3-4-oz-fragrances-3700578521347.html,-61.625
PARFUMS DE MARLY,FEM DELINA EXCLUSIF,LADIES DELINA EXCLUSIF EDP SPRAY 1.0 OZ FRAGRANCES,0.4927536231884058,167.0,2,238.5,https://www.jomashop.com/parfums-de-marly-ladies-delina-exclusif-edp-spray-1-0-oz-fragrances-3700578502339.html,71.5
PARFUMS DE MARLY,FEM DELINA LA ROSEE,UNISEX DELINA HAND CREAM 1 OZ FRAGRANCES,0.4745762711864407,190.0,1,49.5,https://www.jomashop.com/parfums-de-marly-unisex-delina-hand-cream-1-oz-fragrances-3700578521309.html,-140.5
PARFUMS DE MARLY,FEM VALAYA EXCLUSIF,LADIES VALAYA EXCLUSIF EDP SPRAY 1.0 OZ FRAGRANCES,0.4927536231884058,220.0,1,238.5,https://www.jomashop.com/parfums-de-marly-ladies-valaya-exclusif-edp-spray-1-0-oz-fragrances-3700578506740.html,18.5
PARFUMS DE MARLY,LAYTON EXCLUSIF,UNISEX LAYTON EXCLUSIVE EDP SPRAY 4.2 OZ (125 ML),0.4375,167.0,4,414.0,https://www.jomashop.com/parfums-de-marly-unisex-layton-exclusive-edp-spray-4-2-oz-fragrances-3700578518194.html,247.0
PARFUMS DE MARLY,MEN AKASTER EDP,MEN'S ALTHAIR EDP SPRAY 4.2 OZ,0.4888888888888889,250.0,1,360.0,https://www.jomashop.com/parfums-de-marly-mens-althair-edp-spray-4-2-oz-fragrances-3700578504364.html,110.0
PARFUMS DE MARLY,MEN LAYTON 2021,MEN'S LAYTON EDP SPRAY 4.2 OZ (125 ML),0.49056603773584906,189.0,1,,https://www.jomashop.com/parfums-de-marly-mens-layton-edp-spray-4-2-oz-fragrances-3700578518002.html,
PARFUMS DE MARLY,MEN SEDLEY 2021,MEN'S SEDLEY EDP SPRAY 4.2 OZ (125 ML),0.49056603773584906,195.0,1,346.5,https://www.jomashop.com/parfums-de-marly-mens-sedley-edp-spray-4-2-oz-fragrances-3700578526007.html,151.5
PARFUMS DE MARLY,PEGASUS EXCLUSIF TESTER W CAP,UNISEX LAYTON EXCLUSIVE EDP SPRAY 4.2 OZ (125 ML),0.41025641025641024,149.0,1,414.0,https://www.jomashop.com/parfums-de-marly-unisex-layton-exclusive-edp-spray-4-2-oz-fragrances-3700578518194.html,265.0
PARFUMS DE MARLY,PERCIVAL 2018,MEN'S PERCIVAL EDP SPRAY 4.2 OZ (125 ML),0.41509433962264153,250.0,1,,https://www.jomashop.com/parfums-de-marly-mens-percival-edp-spray-4-2-oz-fragrances-3700578523006.html,
PARFUMS DE MARLY,PERCIVAL TESTER W CAP,MEN'S PERCIVAL EDP SPRAY 4.2 OZ (125 ML),0.45901639344262296,170.0,1,,https://www.jomashop.com/parfums-de-marly-mens-percival-edp-spray-4-2-oz-fragrances-3700578523006.html,
PARFUMS DE MARLY,VALAYA EXCLUSIF,LADIES VALAYA EXCLUSIF EDP SPRAY 1.0 OZ FRAGRANCES,0.46153846153846156,215.5,10,238.5,https://www.jomashop.com/parfums-de-marly-ladies-valaya-exclusif-edp-spray-1-0-oz-fragrances-3700578506740.html,23.0
PENHALIGON'S,BEWITCHING YASMINE,LADIES THE BEWITCHING YASMINE EDP SPRAY 2.5 OZ,0.5625,225.0,2,189.0,https://www.jomashop.com/penhaligons-ladies-portraits-the-bewitching-yasmine-edp-spray-2-5-oz-fragrances-5056245021190.html,-36.0
PENHALIGON'S,HALFETI CEDAR,- HALFETI CEDAR EAU DE PARFUM SPRAY 100ML / 3.4OZ,0.41935483870967744,190.0,2,199.5,https://www.jomashop.com/penhaligons-halfeti-cedar-eau-de-parfum-spray-100ml-3-4oz-5056245010989.html,9.5
PENHALIGON'S,HALFETI LEATHER,HALFETI LEATHER EDP SPRAY 3.4 OZ FRAGRANCES,0.5172413793103449,200.0,2,194.99,https://www.jomashop.com/penhaligons-halfeti-leather-edp-spray-3-4-oz-fragrances-5056245021572.html,-5.009999999999991
PENHALIGON'S,THE TRAGEDY OF LORD GEORGE,MEN'S PORTRAITS TRAGEDY OF LORD GEORGE EDP 2.5 OZ FRAGRANCES 5056245021220,0.48,205.0,1,174.99,https://www.jomashop.com/penhaligons-mens-portraits-tradegy-of-lord-george-edp-2-5-oz-fragrances-793675976069.html,-30.00999999999999
PRADA,FLEUR DE ORANGEE,LADIES PARADOXE EDP 1.7 OZ FRAGRANCES,0.41509433962264153,300.0,1,84.99,https://www.jomashop.com/prada-ladies-paradoxe-edp-1-7-oz-fragrances-3614273760652.html,-215.01
PRADA,L'HOMME INTENSE EDP,MEN'S L'HOMME INTENSE EDP SPRAY 3.4 OZ (100 ML),0.5757575757575758,84.0,4,84.99,https://www.jomashop.com/prada-mens-prada-lhomme-intense-edp-spray-3-4-oz-fragrances-8435137764730.html,0.9899999999999949
PRADA,LUNA ROSSA BLACK,LUNA ROSSA BLACK / EDP SPRAY 3.4 OZ (100 ML) (M),0.5,68.75,4,89.99,https://www.jomashop.com/prada-perfume-prbmes34.html,21.239999999999995
PRADA,LUNA ROSSA CARBON,LUNA ROSSA CARBON / EDT SPRAY 1.7 OZ (50 ML) (M),0.5230769230769231,69.0,3,51.99,https://www.jomashop.com/prada-luna-rossa-carbon-prada-edt-spray-1-7-oz-50-ml-m-plcmts17.html,-17.009999999999998
PRADA,LUNA ROSSA EAU SPORT,MEN'S LUNA ROSSA OCEAN EDP SPRAY 3.38 OZ FRAGRANCES,0.5070422535211268,85.0,1,84.99,https://www.jomashop.com/prada-mens-luna-rossa-ocean-edp-spray-3-38-oz-fragrances-3614273768832.html,-0.010000000000005116
PRADA,LUNA ROSSA EDP,LUNA ROSSA BLACK / EDP SPRAY 3.4 OZ (100 ML) (M),0.45161290322580644,,0,89.99,https://www.jomashop.com/prada-perfume-prbmes34.html,
PRADA,LUNA ROSSA EDT,LUNA ROSSA CARBON / EDT SPRAY 1.7 OZ (50 ML) (M),0.45161290322580644,57.5,2,51.99,https://www.jomashop.com/prada-luna-rossa-carbon-prada-edt-spray-1-7-oz-50-ml-m-plcmts17.html,-5.509999999999998
PRADA,LUNA ROSSA OCEAN EDP,MEN'S LUNA ROSSA OCEAN EDP SPRAY 3.38 OZ FRAGRANCES,0.5633802816901409,85.0,1,84.99,https://www.jomashop.com/prada-mens-luna-rossa-ocean-edp-spray-3-38-oz-fragrances-3614273768832.html,-0.010000000000005116
PRADA,LUNA ROSSA OCEAN LE PARFUM,MEN'S LUNA ROSSA OCEAN EAU DE PARFUM EDP 1.7 OZ FRAGRANCES,0.5952380952380952,94.0,2,59.99,https://www.jomashop.com/prada-mens-luna-rossa-ocean-eau-de-parfum-edp-1-7-oz-fragrances-3614273768825-123173.html,-34.01
PRADA,LUNA ROSSA SPORT,MEN'S LUNA ROSSA BLACK EDP SPRAY 1.7 OZ FRAGRANCES,0.45454545454545453,72.5,4,69.99,https://www.jomashop.com/luna-rossa-black-by-prada-for-men-1-7-oz-edp-spray-8435137782970.html,-2.510000000000005
PRADA,L’HOMME INTENSE,MEN'S L'HOMME INTENSE EDP SPRAY 3.4 OZ (100 ML),0.45161290322580644,20.0,1,84.99,https://www.jomashop.com/prada-mens-prada-lhomme-intense-edp-spray-3-4-oz-fragrances-8435137764730.html,64.99
PRADA,PARADOXE EDP,LADIES PARADOXE EDP 1.7 OZ FRAGRANCES,0.4897959183673469,60.0,1,84.99,https://www.jomashop.com/prada-ladies-paradoxe-edp-1-7-oz-fragrances-3614273760652.html,24.989999999999995
PRADA,PRADA LUNA ROSSA BLACK,MEN'S LUNA ROSSA BLACK EDP SPRAY 1.7 OZ FRAGRANCES,0.4722222222222222,,0,69.99,https://www.jomashop.com/luna-rossa-black-by-prada-for-men-1-7-oz-edp-spray-8435137782970.html,
RALPH LAUREN,POLO 67 EDP,MEN'S POLO 67 EDT 2.5 OZ FRAGRANCES,0.43478260869565216,4.5,1,49.99,https://www.jomashop.com/ralph-lauren-mens-polo-67-edt-2-5-oz-fragrances-3605972910264.html,45.49
RALPH LAUREN,POLO 67 EDT,MEN'S POLO 67 EDT 2.5 OZ FRAGRANCES,0.4782608695652174,3.5,1,49.99,https://www.jomashop.com/ralph-lauren-mens-polo-67-edt-2-5-oz-fragrances-3605972910264.html,46.49
RALPH LAUREN,POLO RED RACING,MEN'S POLO 67 EDT 2.5 OZ FRAGRANCES,0.44,80.0,1,49.99,https://www.jomashop.com/ralph-lauren-mens-polo-67-edt-2-5-oz-fragrances-3605972910264.html,-30.009999999999998
RALPH LAUREN,RALPH'S CLUB NEW YORK,MEN'S RALPH'S CLUB PARFUM GIFT SET FRAGRANCES,0.45454545454545453,45.0,1,59.99,https://www.jomashop.com/ralph-lauren-mens-ralphs-club-gift-set-fragrances-3605972784513.html,14.990000000000002
TOM FORD,BLACK ORCHID,BLACK ORCHID / EDP SPRAY 1.0 OZ (U),0.5106382978723404,96.0,5,69.99,https://www.jomashop.com/tom-ford-bldes1.html,-26.010000000000005
TOM FORD,BLACK ORCHID EDP,BLACK ORCHID / EDP SPRAY 1.0 OZ (U),0.6274509803921569,50.0,1,69.99,https://www.jomashop.com/tom-ford-bldes1.html,19.989999999999995
TOM FORD,BLACK ORCHID PARFUM,- BLACK ORCHID PARFUM SPRAY 100ML/3.4OZ,0.6551724137931034,117.14285714285714,7,154.99,https://www.jomashop.com/tom-ford-black-orchid-parfum-spray-100ml-3-4oz-888066112727.html,37.84714285714287
TOM FORD,BOIS PACIFIQUE,UNISEX BOIS PACIFIQUE EDP SPRAY 1.7 OZ FRAGRANCES,0.4444444444444444,168.33333333333334,3,124.99,https://www.jomashop.com/tom-ford-unisex-bois-pacifique-edp-spray-1-7-oz-fragrances-888066151962.html,-43.34333333333335
TOM FORD,COSTA AZZURA ACQU,UNISEX COSTA AZZURRA PARFUM 3.4 OZ FRAGRANCES,0.4838709677419355,72.0,1,174.99,https://www.jomashop.com/tom-ford-costa-azzura-parfum-edp-3-4-oz-fragrances-888066136785.html,102.99000000000001
TOM FORD,COSTA AZZURRA,UNISEX COSTA AZZURRA PARFUM 3.4 OZ FRAGRANCES,0.4482758620689655,155.0,2,174.99,https://www.jomashop.com/tom-ford-costa-azzura-parfum-edp-3-4-oz-fragrances-888066136785.html,19.99000000000001
TOM FORD,COSTA AZZURRA EDP,- COSTA AZZURRA EAU DE PARFUM SPRAY (GOLD) 50ML/1.7OZ,0.4857142857142857,130.0,1,99.99,https://www.jomashop.com/tom-ford-costa-azzurra-eau-de-parfum-spray-gold-50ml-1-7oz-888066117463.html,-30.010000000000005
TOM FORD,COSTA AZZURRA PARFUM,UNISEX COSTA AZZURRA PARFUM 3.4 OZ FRAGRANCES,0.6153846153846154,150.0,1,174.99,https://www.jomashop.com/tom-ford-costa-azzura-parfum-edp-3-4-oz-fragrances-888066136785.html,24.99000000000001
TOM FORD,EAU DE SOLEIL BLANC,UNISEX PRIVATE BLEND SOLEIL BLANC EDP SPRAY 1 OZ FRAGRANCES,0.4358974358974359,88.75,4,139.99,https://www.jomashop.com/tom-ford-unisex-private-blend-soleil-blanc-edp-spray-1-oz-fragrances-888066080729.html,51.24000000000001
TOM FORD,EAU DE SOLIEL BLANC,UNISEX OUD WOOD EDP SPRAY 3.4 OZ PRIVATE BLEND,0.4307692307692308,114.5,4,244.99,https://www.jomashop.com/tom-ford-unisex-oud-wood-edp-spray-3-4-oz-fragrances-888066024099.html,130.49
TOM FORD,FCKING FABULOUS,MEN'S FUCKING FABULOUS EDP SPRAY 1.7 OZ PRIVATE BLEND,0.4411764705882353,145.83333333333334,6,241.99,https://www.jomashop.com/tom-ford-mens-fucking-fabulous-edp-spray-1-7-oz-fragrances-888066075848.html,96.15666666666667
TOM FORD,FUCKING FABULOUS,MEN'S FUCKING FABULOUS EDP SPRAY 1.7 OZ PRIVATE BLEND,0.463768115942029,171.66666666666666,3,241.99,https://www.jomashop.com/tom-ford-mens-fucking-fabulous-edp-spray-1-7-oz-fragrances-888066075848.html,70.32333333333335
TOM FORD,FUCKING FABULOUS PARFUM,MEN'S FUCKING FABULOUS EDP SPRAY 1.7 OZ PRIVATE BLEND,0.5263157894736842,,0,241.99,https://www.jomashop.com/tom-ford-mens-fucking-fabulous-edp-spray-1-7-oz-fragrances-888066075848.html,
TOM FORD,GREY VETIVER EDP,GREY VETIVER PARFUM SPRAY 3.4 OZ FRAGRANCES,0.4745762711864407,76.66666666666667,3,171.99,https://www.jomashop.com/tom-ford-grey-vetiver-parfum-edp-spray-3-4-oz-fragrances-888066124041.html,95.32333333333334
TOM FORD,GREY VETIVER PARFUM,GREY VETIVER PARFUM SPRAY 3.4 OZ FRAGRANCES,0.6129032258064516,105.0,2,171.99,https://www.jomashop.com/tom-ford-grey-vetiver-parfum-edp-spray-3-4-oz-fragrances-888066124041.html,66.99000000000001
TOM FORD,LOST CHERRY,LOST CHERRY BODY SPRAY 5.0 OZ FRAGRANCES,0.43137254901960786,189.875,8,97.5,https://www.jomashop.com/tom-ford-lost-cherry-body-spray-5-0-oz-fragrances-888066107938.html,-92.375
TOM FORD,LOST CHERRY 1,LOST CHERRY BODY SPRAY 5.0 OZ FRAGRANCES,0.4528301886792453,250.0,1,97.5,https://www.jomashop.com/tom-ford-lost-cherry-body-spray-5-0-oz-fragrances-888066107938.html,-152.5
TOM FORD,LOST CHERRY SET LIMITED EDITION,"LOST CHERRY EAU DE PARFUM, 1.7OZ PRIVATE BLEND",0.4675324675324675,290.0,1,215.0,https://www.jomashop.com/tom-ford-lost-cherry-eau-de-parfum-1-7oz-888066082341.html,-75.0
TOM FORD,NEROLI PORTOFINO,NEROLI PORTOFINO EAU DE PARFUM SPRAY 3.4 OZ PRIVATE BLEND,0.4383561643835616,,0,265.0,https://www.jomashop.com/tom-ford-neroli-portofino-eau-de-parfum-spray-888066008457.html,
TOM FORD,NOIR EXTREME,MEN'S NOIR EXTREME EDP 5.0 OZ FRAGRANCES,0.46153846153846156,106.33333333333333,6,199.99,https://www.jomashop.com/tom-ford-mens-noir-extreme-edp-5-0-oz-fragrances-888066130714.html,93.65666666666668
TOM FORD,NOIR EXTREME EDP,MEN'S NOIR EXTREME EDP 5.0 OZ FRAGRANCES,0.5714285714285714,80.0,1,199.99,https://www.jomashop.com/tom-ford-mens-noir-extreme-edp-5-0-oz-fragrances-888066130714.html,119.99000000000001
TOM FORD,NOIR EXTREME EDP GIFT SET,MEN'S NOIR EXTREME EDP 5.0 OZ FRAGRANCES,0.5846153846153846,140.0,1,199.99,https://www.jomashop.com/tom-ford-mens-noir-extreme-edp-5-0-oz-fragrances-888066130714.html,59.99000000000001
TOM FORD,NOIR EXTREME PARFUM,MEN'S NOIR EXTREME EDP 5.0 OZ FRAGRANCES,0.5423728813559322,157.5,4,199.99,https://www.jomashop.com/tom-ford-mens-noir-extreme-edp-5-0-oz-fragrances-888066130714.html,42.49000000000001
TOM FORD,OMBRE LEATHER,OMBRE LEATHER EAU DE PARFUM SPRAY 3.4 OZ,0.49056603773584906,146.42857142857142,7,145.0,https://www.jomashop.com/tom-ford-ombre-leather-eau-de-parfum-spray-888066075145.html,-1.4285714285714164
TOM FORD,OMBRE LEATHER PARFUM,OMBRE LEATHER EAU DE PARFUM SPRAY 3.4 OZ,0.6666666666666666,139.0,5,145.0,https://www.jomashop.com/tom-ford-ombre-leather-eau-de-parfum-spray-888066075145.html,6.0
TOM FORD,OMBRE LEATHER PARFUMS,OMBRE LEATHER EAU DE PARFUM SPRAY 3.4 OZ,0.6885245901639344,160.0,1,145.0,https://www.jomashop.com/tom-ford-ombre-leather-eau-de-parfum-spray-888066075145.html,-15.0
TOM FORD,OMBRÉ LEATHER,OMBRE LEATHER EAU DE PARFUM SPRAY 3.4 OZ,0.4528301886792453,,0,145.0,https://www.jomashop.com/tom-ford-ombre-leather-eau-de-parfum-spray-888066075145.html,
TOM FORD,OMBRÉ LEATHER PARFUM,OMBRE LEATHER EAU DE PARFUM SPRAY 3.4 OZ,0.6333333333333333,,0,145.0,https://www.jomashop.com/tom-ford-ombre-leather-eau-de-parfum-spray-888066075145.html,
TOM FORD,SOLEIL BLANC EDP,UNISEX PRIVATE BLEND SOLEIL BLANC EDP SPRAY 1 OZ FRAGRANCES,0.4266666666666667,100.0,3,139.99,https://www.jomashop.com/tom-ford-unisex-private-blend-soleil-blanc-edp-spray-1-oz-fragrances-888066080729.html,39.99000000000001
TOM FORD,VELVET ORCHID EDP,BLACK ORCHID / EDP SPRAY 1.0 OZ (U),0.46153846153846156,85.0,1,69.99,https://www.jomashop.com/tom-ford-bldes1.html,-15.010000000000005
VERSACE,BRIGHT CRYSTAL PARFUM,BRIGHT CRYSTAL / EDT SPRAY 1.0 OZ (W),0.5862068965517241,80.0,1,29.95,https://www.jomashop.com/versace-perfume-brcts1.html,-50.05
VERSACE,DYLAN BLUE,DYLAN BLUE / SET (M),0.6666666666666666,20.0,1,54.97,https://www.jomashop.com/versace-dylan-blue-versace-set-m-vdbm5.html,34.97
VERSACE,POUR HOMME,SIGNATURE HOMME BY SET (M),0.4444444444444444,,0,46.99,https://www.jomashop.com/versace-beauty-and-personal-care-vsim2.html,
VIKTOR & ROLF,FLOWERBOMB EXTREME,LADIES FLOWERBOMB GIFT SET FRAGRANCES,0.5454545454545454,100.0,1,99.99,https://www.jomashop.com/viktor-rolf-ladies-flowerbomb-gift-set-fragrances-3614273581134.html,-0.010000000000005116
VIKTOR & ROLF,SPICEBOMB EXTREME,SPICEBOMB EXTREME / EDP SPRAY 1.7 OZ (50 ML) (M),0.5230769230769231,77.5,4,66.99,https://www.jomashop.com/viktor-rolf-fragrances-spxmts17-1-7oz.html,-10.510000000000005
VIKTOR & ROLF,SPICEBOMB INFRARED,MEN'S SPICEBOMB EDT 0.24 OZ FRAGRANCES,0.5357142857142857,50.0,1,15.99,https://www.jomashop.com/viktor-rolf-mens-spicebomb-edt-0-24-oz-fragrances-3605522085169-123638.html,-34.01
VIKTOR & ROLF,SPICEBOMB INFRARED EDT,MEN'S SPICEBOMB EDT 0.24 OZ FRAGRANCES,0.5,30.0,1,15.99,https://www.jomashop.com/viktor-rolf-mens-spicebomb-edt-0-24-oz-fragrances-3605522085169-123638.html,-14.01
VIKTOR & ROLF,SPICEBOMB NIGHT VISION EDP,SPICEBOMB NIGHT VISION / EDT SPRAY 1.7 OZ (50 ML) (M),0.6582278481012658,75.0,1,49.99,https://www.jomashop.com/spicebomb-night-vision-viktor-rolf-edt-spray-1-7-oz-50-ml-m-3614272191549.html,-25.009999999999998
XERJOFF,CASAMORATIO 1888,LADIES CASAMORATI 1888 DAMA BIANCA EDP 3.4 OZ (100 ML),0.42857142857142855,60.0,1,174.99,https://www.jomashop.com/xerjoff-ladies-casamorati-1888-dama-bianca-edp-3-4-oz-fragrances-8033488151652.html,114.99000000000001
XERJOFF,DAMA BIANCA EDP,LADIES CASAMORATI DAMA BIANCA EDP 1.0 OZ FRAGRANCES,0.45454545454545453,158.5,4,94.99,https://www.jomashop.com/xerjoff-ladies-casamorati-1888-dama-bianca-edp-1-0-oz-fragrances-8033488154523.html,-63.510000000000005
XERJOFF,MEFISTO GENTILUOMO EDP,MEN'S CASAMORATI MEFISTO GENTILUOMO EDP SPRAY 3.4 OZ FRAGRANCES,0.5176470588235295,157.5,4,169.99,https://www.jomashop.com/xerjoff-casamorati-1888-mefisto-gentiluomo-3-4-oz-edp-spray-8033488158057.html,12.490000000000009
XERJOFF,RENAISSANCE,RENAISSANCE DEODORANT 3.4 OZ FRAGRANCES,0.44,120.0,1,29.99,https://www.jomashop.com/xerjoff-renaissance-deodorant-3-4-oz-fragrances-8054320903406.html,-90.01
XERJOFF,TONY IOMMI MONKEY,UNISEX TONY IOMMI MONKEY SPECIAL EDP SPRAY 3.4 OZ FRAGRANCES,0.44155844155844154,140.0,1,264.99,https://www.jomashop.com/xerjoff-unisex-tony-iommi-monkey-special-edp-spray-3-4-oz-fragrances-8054320902447.html,124.99000000000001
XERJOFF,TONY IOMMY MONKEY SPECIAL,UNISEX TONY IOMMI MONKEY SPECIAL EDP SPRAY 3.4 OZ FRAGRANCES,0.5647058823529412,180.0,1,264.99,https://www.jomashop.com/xerjoff-unisex-tony-iommi-monkey-special-edp-spray-3-4-oz-fragrances-8054320902447.html,84.99000000000001
XERJOFF,TORINO 2021,UNISEX ATP TORINO 22 EDP 1.7 OZ,0.47619047619047616,,0,150.0,https://www.jomashop.com/xerjoff-unisex-atp-torino-22-edp-1-7-oz-fragrances-8054320901877.html,
XERJOFF,TORINO 21,UNISEX ATP TORINO 22 EDP 1.7 OZ,0.45,159.16666666666666,6,150.0,https://www.jomashop.com/xerjoff-unisex-atp-torino-22-edp-1-7-oz-fragrances-8054320901877.html,-9.166666666666657
XERJOFF,TORINO 22,UNISEX ATP TORINO 22 EDP 1.7 OZ,0.45,110.0,2,150.0,https://www.jomashop.com/xerjoff-unisex-atp-torino-22-edp-1-7-oz-fragrances-8054320901877.html,40.0
YVES SAINT LAURENT,BABYCAT RAW BOURBON,UNISEX BABYCAT EDP 4.2 OZ FRAGRANCES,0.43636363636363634,260.0,1,317.99,https://www.jomashop.com/yves-saint-laurent-unisex-babycat-edp-4-2-oz-fragrances-3614273355568.html,57.99000000000001
YVES SAINT LAURENT,BLACK OPIUM,LADIES BLACK OPIUM GIFT SET FRAGRANCES,0.4489795918367347,,0,99.99,https://www.jomashop.com/yves-saint-laurent-ladies-black-opium-gift-set-fragrances-3614273733496.html,
YVES SAINT LAURENT,BLACK OPIUM EDP,BLACK OPIUM / YSL EDP SPRAY 1.0 OZ (30 ML) (W),0.4918032786885246,90.0,1,59.99,https://www.jomashop.com/ysl-fragrances-bloes1-a-1-0oz.html,-30.009999999999998
YVES SAINT LAURENT,BLACK OPIUM GLITTER,LADIES BLACK OPIUM GIFT SET FRAGRANCES,0.5964912280701754,120.0,1,99.99,https://www.jomashop.com/yves-saint-laurent-ladies-black-opium-gift-set-fragrances-3614273733496.html,-20.010000000000005
YVES SAINT LAURENT,BLACK OPIUM ILLICIT GREEN,LADIES BLACK OPIUM GIFT SET FRAGRANCES,0.5714285714285714,85.0,1,99.99,https://www.jomashop.com/yves-saint-laurent-ladies-black-opium-gift-set-fragrances-3614273733496.html,14.989999999999995
YVES SAINT LAURENT,BLACK OPIUM LE PARFUM,LADIES BLACK OPIUM LE PARFUM EDP SPRAY 1.7 OZ FRAGRANCES,0.5454545454545454,87.5,2,92.99,https://www.jomashop.com/yves-saint-laurent-ladies-black-opium-le-parfum-edp-spray-1-7-oz-fragrances-3614273863377.html,5.489999999999995
YVES SAINT LAURENT,BLACK OPIUM OVER RED,LADIES BLACK OPIUM OVER RED EDP 1.7 OZ FRAGRANCES,0.5797101449275363,105.0,2,74.99,https://www.jomashop.com/yves-saint-laurent-ladies-black-opium-over-red-edp-1-7-oz-fragrances-3614274076578.html,-30.010000000000005
YVES SAINT LAURENT,EAU DE PARFUM INTENSE,- LIBRE EAU DE PARFUM INTENSE SPRAY 50ML / 1.6OZ,0.6086956521739131,75.0,1,94.99,https://www.jomashop.com/yves-saint-laurent-libre-eau-de-parfum-intense-spray-50ml-1-6oz-3614273069540.html,19.989999999999995
YVES SAINT LAURENT,L'HOMME EDP,L'HOMME / YSL EDT SPRAY 2.0 OZ (M),0.4888888888888889,75.0,1,51.99,https://www.jomashop.com/ysl-lhomts2-a.html,-23.009999999999998
YVES SAINT LAURENT,L'HOMME EDT,L'HOMME / YSL EDT SPRAY 2.0 OZ (M),0.4888888888888889,50.0,1,51.99,https://www.jomashop.com/ysl-lhomts2-a.html,1.990000000000002
YVES SAINT LAURENT,LA NUIT DE HOMME,LANUIT DE LHOMME / YSL EDT SPRAY 2.0 OZ (M),0.5084745762711864,,0,59.99,https://www.jomashop.com/ysl-perfume-latmts2.html,
YVES SAINT LAURENT,LA NUIT DE L'HOMME,LANUIT DE LHOMME / YSL EDT SPRAY 2.0 OZ (M),0.5245901639344263,165.0,3,59.99,https://www.jomashop.com/ysl-perfume-latmts2.html,-105.00999999999999
YVES SAINT LAURENT,LA NUIT DE L'HOMME EDT,LANUIT DE LHOMME / YSL EDT SPRAY 2.0 OZ (M),0.6153846153846154,45.0,1,59.99,https://www.jomashop.com/ysl-perfume-latmts2.html,14.990000000000002
YVES SAINT LAURENT,LA NUIT DE L'HOMME FROZEN COLOGNE,LANUIT DE LHOMME / YSL EDT SPRAY 2.0 OZ (M),0.5526315789473685,190.0,1,59.99,https://www.jomashop.com/ysl-perfume-latmts2.html,-130.01
YVES SAINT LAURENT,LA NUIT DE LHOMME 2018,LANUIT DE LHOMME / YSL EDT SPRAY 2.0 OZ (M),0.5846153846153846,110.0,1,59.99,https://www.jomashop.com/ysl-perfume-latmts2.html,-50.01
YVES SAINT LAURENT,LA NUIT DE L’HOMME,LANUIT DE LHOMME / YSL EDT SPRAY 2.0 OZ (M),0.5245901639344263,55.0,1,59.99,https://www.jomashop.com/ysl-perfume-latmts2.html,4.990000000000002
YVES SAINT LAURENT,LE PARFUM,MEN'S Y LE PARFUM 3.3 OZ FRAGRANCES,0.4090909090909091,80.0,1,130.99,https://www.jomashop.com/yves-saint-laurent-y-le-parfum-eau-de-parfum-spray-100ml-3-4oz-3614273318105.html,50.99000000000001
YVES SAINT LAURENT,LIBRE EDP,LADIES EDP SPRAY 1.7 OZ,0.4375,88.33333333333333,3,94.97,https://www.jomashop.com/yves-saint-laurent-ladies-edp-spray-1-7-oz-3614273923859.html,6.63666666666667
YVES SAINT LAURENT,LIBRE EDP INTENSE,- LIBRE EAU DE PARFUM INTENSE SPRAY 50ML / 1.6OZ,0.5230769230769231,105.0,1,94.99,https://www.jomashop.com/yves-saint-laurent-libre-eau-de-parfum-intense-spray-50ml-1-6oz-3614273069540.html,-10.010000000000005
YVES SAINT LAURENT,LIBRE FLOWERS AND FLAME,LADIES LIBRE FLOWERS & FLAMES EDP SPRAY 1.7 OZ FRAGRANCES,0.5,90.0,1,89.99,https://www.jomashop.com/yves-saint-laurent-libre-flowers-flames-edp-spray-1-7-oz-fragrances-3614274151152.html,-0.010000000000005116
YVES SAINT LAURENT,LIBRE L'ABSOLU PLATINE,LADIES LIBRE L'ABSOLU PLATINE PARFUM SPRAY 3.0 OZ FRAGRANCES,0.5365853658536586,145.0,1,134.99,https://www.jomashop.com/yves-saint-laurent-ladies-libre-labsolu-platine-parfum-spray-3-0-oz-fragrances-3614273924030.html,-10.009999999999991
YVES SAINT LAURENT,LNDL LE PARFUM,LADIES LIBRE LE PARFUM 3.04 OZ FRAGRANCES,0.4727272727272727,75.0,1,109.0,https://www.jomashop.com/yves-saint-laurent-ladies-libre-le-parfum-3-04-oz-fragrances-3614273776127.html,34.0
YVES SAINT LAURENT,MON PARIS INTENSEMENT,MEN'S Y EAU DE PARFUM INTENSE EDP SPRAY 2.0 OZ FRAGRANCES,0.41025641025641024,65.0,1,74.99,https://www.jomashop.com/yves-saint-laurent-mens-y-eau-de-parfum-intense-edp-spray-2-0-oz-fragrances-3614273898461.html,9.989999999999995
YVES SAINT LAURENT,MYSLF LE PARFUM,MEN'S MYSLF LE PARFUM 3.3 OZ FRAGRANCES,0.5555555555555556,62.0,1,125.0,https://www.jomashop.com/yves-saint-laurent-mens-myslf-le-parfum-3-3-oz-fragrances-3614274114645.html,63.0
YVES SAINT LAURENT,Y EDP INTENSE,MEN'S Y EDP 5.0 OZ REFILL FRAGRANCES,0.40816326530612246,110.0,1,109.99,https://www.jomashop.com/yves-saint-laurent-mens-y-edp-5-0-oz-refill-fragrances-3614274057348.html,-0.010000000000005116
YVES SAINT LAURENT,Y LE PARFUM,MEN'S Y LE PARFUM 3.3 OZ FRAGRANCES,0.4782608695652174,70.0,2,130.99,https://www.jomashop.com/yves-saint-laurent-y-le-parfum-eau-de-parfum-spray-100ml-3-4oz-3614273318105.html,60.99000000000001
YVES SAINT LAURENT,Y LE PARFUM 2021,MEN'S Y EAU DE PARFUM 2 OZ SPRAY,0.5,90.0,1,74.99,https://www.jomashop.com/yves-saint-laurent-men-s-y-eau-de-parfum-3614272050341.html,-15.010000000000005
YVES SAINT LAURENT,Y LE PARFUM YVES,MEN'S Y LE PARFUM 3.3 OZ FRAGRANCES,0.5490196078431373,110.0,1,130.99,https://www.jomashop.com/yves-saint-laurent-y-le-parfum-eau-de-parfum-spray-100ml-3-4oz-3614273318105.html,20.99000000000001
YVES SAINT LAURENT,YSL BLOUSE ANGELIQUE,LADIES BLACK OPIUM GIFT SET FRAGRANCES,0.41379310344827586,160.0,1,99.99,https://www.jomashop.com/yves-saint-laurent-ladies-black-opium-gift-set-fragrances-3614273733496.html,-60.010000000000005
