brand,reddit_name,jomashop_name,jomashop_price,jomashop_url,match_score,weighted_avg_price,weighted_std_dev,listing_count,weighted_price_diff
ACQUA DI PARMA,COLONIA ESSENZA,COLONIA ESSENZA / EDC SPRAY 1.7 OZ (50ML),59.99,https://www.jomashop.com/acqua-di-parma-cos-8028713220012.html,0.5357142857142857,35.14724418553337,1.3414534036093313,2.0,-24.842755814466635
ACQUA DI PARMA,COLONIA NOBLE,COLONIA ESSENZA / EDC SPRAY 1.7 OZ (50ML),59.99,https://www.jomashop.com/acqua-di-parma-cos-8028713220012.html,0.4074074074074074,110.0,0.0,1.0,50.01
AFNAN,AFNAN SUPREMACY COLLECTOR’S EDITION,MEN'S SUPREMACY COLLECTOR'S EDITION EDP SPRAY 3.4 OZ FRAGRANCES,39.99,https://www.jomashop.com/afnan-mens-supremacy-collectors-edition-edp-spray-3-4-oz-fragrances-6290171075073.html,0.6122448979591837,78.125,0.0,1.0,38.135
AFNAN,MYSTIQUE BOUQUET,UNISEX MYSTIQUE BOUQUET EDP SPRAY 2.7 OZ FRAGRANCES,39.99,https://www.jomashop.com/afnan-unisex-mystique-bouquet-edp-spray-2-7-oz-fragrances-6290171073840.html,0.4776119402985074,,,,
AFNAN,SUPREMACY NOIR,MEN'S SUPREMACY NOT ONLY INTENSE EXDP 5.0 OZ FRAGRANCES,39.99,https://www.jomashop.com/afnan-mens-supremacy-not-only-intense-silver-edp-5-0-oz-fragrances-6290171072775.html,0.4057971014492754,26.315789473684212,0.0,1.0,-13.67421052631579
AFNAN,SUPREMACY NOT ONLY INTENSE,MEN'S SUPREMACY NOT ONLY INTENSE EXDP 5.0 OZ FRAGRANCES,39.99,https://www.jomashop.com/afnan-mens-supremacy-not-only-intense-silver-edp-5-0-oz-fragrances-6290171072775.html,0.6419753086419753,20.2020202020202,0.0,1.0,-19.7879797979798
AFNAN,TURATHI BLUE,MEN'S TURATHI BLUE EDP SPRAY 3.0 OZ FRAGRANCES,35.99,https://www.jomashop.com/afnan-mens-turathi-blue-edp-spray-3-0-oz-fragrances-6290171070580.html,0.4137931034482758,23.89249233951238,4.640355895884646,5.0,-12.097507660487622
AFNAN,TURATHI ELECTRIC,UNISEX TURATHI ELECTRIC EDP SPRAY 3.0 OZ FRAGRANCES,44.99,https://www.jomashop.com/afnan-unisex-turathi-electric-edp-spray-3-0-oz-fragrances-6290171076001.html,0.4776119402985074,34.99999999999999,0.9999999999999999,4.0,-9.990000000000009
AMOUAGE,EPIC 56 EXTRAIT DE PARFUM,LADIES EPIC 56 EXTRAIT DE PARFUM SPRAY 3.4 OZ FRAGRANCES,234.5,https://www.jomashop.com/amouage-ladies-epic-extrait-de-parfum-spray-3-4-oz-fragrances-701666410720.html,0.6172839506172839,245.0,0.0,1.0,10.5
AMOUAGE,IMITATION MAN,MEN'S IMITATION EDP SPRAY 3.4 OZ (100 ML),184.99,https://www.jomashop.com/amouage-mens-imitation-edp-spray-3-4-oz-fragrances-701666320920.html,0.4074074074074074,,,,
AMOUAGE,INTERLUDE 53,MEN'S INTERLUDE EDP 1.7 OZ FRAGRANCES,139.99,https://www.jomashop.com/amouage-mens-interlude-edp-1-7-oz-fragrances-701666410775.html,0.4081632653061224,220.293356952398,13.482781346802819,5.0,80.30335695239799
AMOUAGE,INTERLUDE BLACK IRIS,MEN'S INTERLUDE BLACK IRIS EAU DE PARFUM COLOGNE 3.3 OZ/ 100 ML,194.5,https://www.jomashop.com/amouage-mens-interlude-black-iris-eau-de-parfum-cologne-3-3-oz-100-ml-701666315964.html,0.4819277108433735,142.49164418048946,24.811312138309585,3.0,-52.00835581951054
AMOUAGE,JUBILATION 40,LADIES JUBILATION 25 EDP 3.4 OZ FRAGRANCES,184.5,https://www.jomashop.com/amouage-ladies-jubilation-25-edp-3-4-oz-fragrances-701666410089.html,0.4363636363636363,279.0,0.0,2.0,94.5
AMOUAGE,LOVE DELIGHT WOMAN,LADIES LOVE DELIGHT EDP 3.4 OZ FRAGRANCES,224.5,https://www.jomashop.com/amouage-ladies-love-delight-edp-3-4-oz-fragrances-701666410973.html,0.5423728813559322,185.0,0.0,2.0,-39.5
AMOUAGE,OVERTURE WOMAN,LADIES OVERTURE EDP 3.4 OZ FRAGRANCES,188.5,https://www.jomashop.com/amouage-ladies-overture-edp-3-4-oz-fragrances-701666410294.html,0.4705882352941176,165.0,0.0,3.0,-23.5
AMOUAGE,REASONS ESSENCE DE PARFUM,MEN'S JUBILATION 40 EXTRAIT DE PARFUM SPRAY 3.4 OZ,334.5,https://www.jomashop.com/amouage-mens-jubilation-40-extrait-de-parfum-spray-3-4-oz-fragrances-701666410966.html,0.4266666666666667,175.0,0.0,2.0,-159.5
ARMAF,CLUB DE NUIT INTENSE,MEN'S CLUB DE NUIT INTENSE EDT 2 PC GIFT SET,32.99,https://www.jomashop.com/armaf-mens-club-de-nuit-intense-edt-2-pc-gift-set-6294015135848.html,0.625,,,,
ARMAF,CLUB DE NUIT INTENSE EXTRAIT DE PARFUM,MEN'S CLUB DE NUIT INTENSE EXTRAIT DE PARFUM SPRAY 2.37 OZ FRAGRANCES,39.99,https://www.jomashop.com/armaf-mens-club-de-nuit-intense-extrait-de-parfum-spray-2-37-oz-fragrances-6294015196610.html,0.7102803738317757,,,,
ARMAF,CLUB DE NUIT INTENSE LIMITED EDITION,MEN'S CLUB DE NUIT INTENSE LIMITED EDITION PARFUM 3.6 OZ FRAGRANCES,59.99,https://www.jomashop.com/armaf-mens-club-de-nuit-intense-limited-edition-parfum-3-55-oz-fragrances-6294015180367.html,0.6990291262135923,59.0,0.0,2.0,-0.990000000000002
ARMAF,CLUB DE NUIT INTENSE MAN,MEN'S CLUB DE NUIT INTENSE GIFT SET FRAGRANCES,44.99,https://www.jomashop.com/armaf-mens-club-de-nuit-intense-gift-set-fragrances-6294015105247.html,0.6571428571428571,20.2020202020202,0.0,1.0,-24.7879797979798
ARMAF,CLUB DE NUIT INTENSE MAN EDP,MEN'S CLUB DE NUIT INTENSE EDT 2 PC GIFT SET,32.99,https://www.jomashop.com/armaf-mens-club-de-nuit-intense-edt-2-pc-gift-set-6294015135848.html,0.6666666666666666,,,,
ARMAF,CLUB DE NUIT INTENSE MAN LIMITED EDITION,MEN'S CLUB DE NUIT INTENSE LIMITED EDITION PARFUM 3.6 OZ FRAGRANCES,59.99,https://www.jomashop.com/armaf-mens-club-de-nuit-intense-limited-edition-parfum-3-55-oz-fragrances-6294015180367.html,0.6728971962616822,40.4040404040404,0.0,1.0,-19.5859595959596
ARMAF,CLUB DE NUIT MAN,MEN'S CLUB DE NUIT INTENSE GIFT SET FRAGRANCES,44.99,https://www.jomashop.com/armaf-mens-club-de-nuit-intense-gift-set-fragrances-6294015105247.html,0.4838709677419355,10.0,0.0,1.0,-34.99
ARMAF,CLUB DE NUIT MILESTONE,MEN'S CLUB DE NUIT MILESTONE EDP SPRAY 6.7 OZ FRAGRANCES,50.99,https://www.jomashop.com/armaf-mens-club-de-nuit-milestone-edp-spray-6-7-oz-fragrances-6294015171112.html,0.5641025641025641,39.97724097441494,0.6708686574205348,3.0,-11.012759025585062
ARMAF,CLUB DE NUIT PRECIEUX,CLUB DE NUIT BLUE ICONIC EDP 6.8 OZ FRAGRANCES,64.99,https://www.jomashop.com/armaf-club-de-nuit-blue-iconic-edp-6-8-oz-fragrances-6294015164299-35187.html,0.4776119402985074,,,,
ARMAF,CLUB DE NUIT PRECIEUX EXTRAIT,MEN'S CLUB DE NUIT PRECIEUX 1 EXTRAIT DE PARFUM SPRAY 1.85 OZ FRAGRANCES,46.99,https://www.jomashop.com/armaf-mens-club-de-nuit-precieux-1-extrait-de-parfum-spray-1-85-oz-fragrances-6294015181913.html,0.5742574257425742,50.0,0.0,2.0,3.009999999999998
ARMAF,ODYSSEY MANDARIN SKY,MEN'S ODYSSEY MANDARIN SKY EDP 3.4 OZ FRAGRANCES,29.99,https://www.jomashop.com/armaf-mens-odyssey-mandarin-sky-edp-3-4-oz-fragrances-6294015149371.html,0.5882352941176471,,,,
AZZARO,FOREVER WANTED ELIXIR,MEN'S FOREVER WANTED ELIXIR SPRAY 3.4 OZ FRAGRANCES,109.99,https://www.jomashop.com/azzaro-mens-forever-wanted-elixir-extrait-de-parfum-spray-3-4-oz-fragrances-3614274258073.html,0.5833333333333334,97.8179565148414,17.097021427649842,5.0,-12.172043485158596
AZZARO,MOST WANTED EDT INTENSE,THE MOST WANTED / EDP SPRAY INTENSE 3.4 OZ (100 ML) (M),76.99,https://www.jomashop.com/azzaro-the-most-wanted-azzaro-edp-spray-intense-3-4-oz-100-ml-m-3614273521307.html,0.5641025641025641,50.0,0.0,1.0,-26.989999999999995
AZZARO,MOST WANTED PARFUM,MEN'S THE MOST WANTED PARFUM 1.7 OZ FRAGRANCES,65.95,https://www.jomashop.com/azzaro-mens-the-most-wanted-parfum-1-7-oz-fragrances-3614273638869.html,0.5625,69.28199144040495,9.036843990260019,2.0,3.3319914404049484
AZZARO,THE MOST WANTED EDP INTENSE,THE MOST WANTED / EDP SPRAY INTENSE 3.4 OZ (100 ML) (M),76.99,https://www.jomashop.com/azzaro-the-most-wanted-azzaro-edp-spray-intense-3-4-oz-100-ml-m-3614273521307.html,0.6585365853658537,119.91642054317734,9.300986565848325,2.0,42.92642054317734
AZZARO,THE MOST WANTED INTENSE EDP,MEN'S THE MOST WANTED INTENSE EDP SPRAY 1.7 OZ FRAGRANCES,50.25,https://www.jomashop.com/azzaro-mens-the-most-wanted-intense-edp-spray-1-7-oz-fragrances-3614273521345.html,0.6428571428571429,63.000469530472536,0.9999998897705615,2.0,12.750469530472536
AZZARO,THE MOST WANTED PARFUM,MEN'S THE MOST WANTED PARFUM 1.7 OZ FRAGRANCES,65.95,https://www.jomashop.com/azzaro-mens-the-most-wanted-parfum-1-7-oz-fragrances-3614273638869.html,0.6470588235294118,70.0,0.0,2.0,4.049999999999997
AZZARO,WANTED BY NIGHT,WANTED BY NIGHT / EDP SPRAY 3.4 OZ (100 ML) (M),79.99,https://www.jomashop.com/azzaro-perfume-wbnmes34.html,0.4838709677419355,,,,
BDK PARFUMS,GRIS CHARNEL EDP,UNISEX GRIS CHARNEL EDP 3.4 OZ FRAGRANCES,187.48,https://www.jomashop.com/bdk-parfums-unisex-gris-charnel-edp-3-4-oz-fragrances-3760035450184.html,0.5614035087719298,,,,
BDK PARFUMS,GRIS CHARNEL EXTRAIT,UNISEX GRIS CHARNEL EXTRAIT DE PARFUM 3.4 OZ FRAGRANCES,240.0,https://www.jomashop.com/bdk-parfums-unisex-gris-charnel-extrait-edp-3-4-oz-fragrances-3760035450757.html,0.5333333333333333,119.27902560957548,81.05670272565528,3.0,-120.72097439042452
BDK PARFUMS,PAS CE SOIR,UNISEX PAS CE SOIR EDP 3.4 OZ FRAGRANCES,187.5,https://www.jomashop.com/bdk-parfums-unisex-pas-ce-soir-edp-3-4-oz-fragrances-3760035450016.html,0.4313725490196078,170.10309278350516,0.0,1.0,-17.39690721649484
BDK PARFUMS,ROUGE SMOKING,UNISEX ROUGE SMOKING EDP 3.4 OZ FRAGRANCES,187.48,https://www.jomashop.com/bdk-parfums-unisex-rouge-smoking-edp-3-4-oz-fragrances-3760035450221.html,0.4727272727272727,166.66666666666666,0.0,1.0,-20.813333333333333
BURBERRY,GODDESS EDP,LADIES GODDESS EDP 1.7 OZ FRAGRANCES,79.95,https://www.jomashop.com/burberry-ladies-goddess-edp-1-7-oz-fragrances-3616302020676.html,0.4680851063829787,90.0,10.0,2.0,10.049999999999997
BURBERRY,GODDESS INTENSE EDP,LADIES GODDESS INTENSE EDP SPRAY 1.7 OZ FRAGRANCES,89.99,https://www.jomashop.com/burberry-ladies-goddess-intense-edp-spray-1-7-oz-fragrances-3616304967115.html,0.5507246376811594,100.0,0.0,1.0,10.010000000000005
BURBERRY,GODESS EDP INTENSE,LADIES GODDESS EDP 1.7 OZ FRAGRANCES,79.95,https://www.jomashop.com/burberry-ladies-goddess-edp-1-7-oz-fragrances-3616302020676.html,0.5185185185185185,70.0,0.0,1.0,-9.950000000000003
BURBERRY,HER EDP PETALS LE,HER / EDP SPRAY 3.3 OZ (100 ML) (W),94.99,https://www.jomashop.com/burberry-her-eau-de-parfum-spray-3614227693876.html,0.4615384615384615,145.0,0.0,1.0,50.010000000000005
BURBERRY,HER ELIXIR,LADIES HER ELIXIR EDP 3.4 OZ FRAGRANCES,114.99,https://www.jomashop.com/burberry-ladies-her-elixir-edp-3-4-oz-fragrances-3616304061943.html,0.4081632653061224,100.0,0.0,1.0,-14.989999999999995
BURBERRY,HERO PARFUM,MEN'S HERO PARFUM 3.4 OZ FRAGRANCES,99.99,https://www.jomashop.com/burberry-mens-hero-parfum-3-4-oz-fragrances-3616304679445.html,0.4782608695652174,80.0,0.0,1.0,-19.989999999999995
BVLGARI,MAN WOOD ESSENCE,MEN'S MAN WOOD ESSENCE GIFT SET FRAGRANCES 783320418693,,https://www.jomashop.com/bvlgari-mens-man-wood-essence-gift-set-fragrances-783320418693.html,0.4507042253521127,73.89929773283372,17.16133336643248,2.0,
BYREDO,BAL D'AFRIQUE EDP,- BAL D'AFRIQUE EAU DE PARFUM SPRAY 100ML/3.4OZ,229.99,https://www.jomashop.com/byredo-bal-dafrique-eau-de-parfum-spray-100ml-3-4oz-7340032806182.html,0.53125,189.0,0.0,2.0,-40.99000000000001
BYREDO,BAL D’AFRIQUE ABSOLU,- BAL D'AFRIQUE EAU DE PARFUM SPRAY 100ML/3.4OZ,229.99,https://www.jomashop.com/byredo-bal-dafrique-eau-de-parfum-spray-100ml-3-4oz-7340032806182.html,0.4776119402985074,255.0,0.0,1.0,25.00999999999999
BYREDO,BLACK SAFFRON,UNISEX BLACK SAFFRON EDP 0.4 OZ FRAGRANCES,39.99,https://www.jomashop.com/byredo-unisex-black-saffron-edp-0-4-oz-fragrances-7340032860498.html,0.4727272727272727,160.0,0.0,2.0,120.00999999999999
BYREDO,BLANCHE ABSOLU DE PARFUM,- BIBLIOTHEQUE EAU DE PARFUM SPRAY 100ML/3.3OZ,189.99,https://www.jomashop.com/byredo-bibliotheque-eau-de-parfum-spray-100ml-3-3oz-7340032816280.html,0.4857142857142857,275.0,0.0,1.0,85.00999999999999
BYREDO,GYPSY WATER 1,GYPSY WATER BY FOR UNISEX - 1.6 OZ EDP SPRAY,149.99,https://www.jomashop.com/gypsy-water-by-byredo-for-unisex-1-6-oz-edp-spray-7340032806014.html,0.4561403508771929,185.55555555555551,2.842170943040401e-14,1.0,35.565555555555505
BYREDO,GYPSY WATER 2,GYPSY WATER BY FOR UNISEX - 1.6 OZ EDP SPRAY,149.99,https://www.jomashop.com/gypsy-water-by-byredo-for-unisex-1-6-oz-edp-spray-7340032806014.html,0.4210526315789473,184.21052631578948,0.0,1.0,34.22052631578947
BYREDO,MOJAVE GHOST,UNISEX MOJAVE GHOST EDP SPRAY 1.7 OZ (50 ML),185.0,https://www.jomashop.com/byredo-unisex-mojave-ghost-edp-spray-1-7-oz-fragrances-7340032860733.html,0.4285714285714285,,,,
BYREDO,MOJAVE GHOST ABSOLU,UNISEX MOJAVE GHOST EDP SPRAY 1.7 OZ (50 ML),185.0,https://www.jomashop.com/byredo-unisex-mojave-ghost-edp-spray-1-7-oz-fragrances-7340032860733.html,0.5079365079365079,470.0,0.0,1.0,285.0
BYREDO,MOJAVE GHOST ABSOLU EDP,UNISEX MOJAVE GHOST EDP SPRAY 1.7 OZ (50 ML),185.0,https://www.jomashop.com/byredo-unisex-mojave-ghost-edp-spray-1-7-oz-fragrances-7340032860733.html,0.4776119402985074,288.9444444444444,0.055555555555571345,4.0,103.9444444444444
BYREDO,MOJAVE GHOST EDP,UNISEX MOJAVE GHOST EDP SPRAY 1.7 OZ (50 ML),185.0,https://www.jomashop.com/byredo-unisex-mojave-ghost-edp-spray-1-7-oz-fragrances-7340032860733.html,0.5333333333333333,165.0,0.0,2.0,-20.0
BYREDO,ROSE OF NO MAN'S LAND,UNISEX ROSE OF NO MANS LAND EDP SPRAY 3.4 OZ TESTER,,https://www.jomashop.com/byredo-unisex-rose-of-no-mans-land-edp-spray-3-4-oz-tester-t7340032811445.html,0.5555555555555556,150.0,0.0,2.0,
CALVIN KLEIN,CK ONE ESSENCE,CK ONE BY 1.7 OZ. EDT SPRAY,,https://www.jomashop.com/frg-ck-one-1-7-oz.html,0.4390243902439024,15.789473684210527,0.0,1.0,
CAROLINA HERRERA,BAD BOY COBALT,MEN'S BAD BOY COBALT EDP 3.4 OZ FRAGRANCES,89.99,https://www.jomashop.com/carolina-herrera-mens-bad-boy-cobalt-edp-3-4-oz-fragrances-8411061027837.html,0.5,,,,
CAROLINA HERRERA,BAD BOY COBALT PARFUM ELECTRIQUE,MEN'S BAD BOY COBALT EDP 3.4 OZ FRAGRANCES,89.99,https://www.jomashop.com/carolina-herrera-mens-bad-boy-cobalt-edp-3-4-oz-fragrances-8411061027837.html,0.5135135135135135,108.24742268041237,0.0,1.0,18.257422680412375
CAROLINA HERRERA,BAD BOY COLBALT,MEN'S BAD BOY COBALT EDP 3.4 OZ FRAGRANCES,89.99,https://www.jomashop.com/carolina-herrera-mens-bad-boy-cobalt-edp-3-4-oz-fragrances-8411061027837.html,0.4912280701754385,90.0,0.0,1.0,0.010000000000005116
CAROLINA HERRERA,BAD BOY EXTREME,MEN'S BAD BOY COBALT ELIXIR EDP 5.0 OZ FRAGRANCES,114.99,https://www.jomashop.com/carolina-herrera-mens-bad-boy-cobalt-elixir-edp-5-0-oz-fragrances-8411061083789.html,0.40625,71.42857142857143,0.0,1.0,-43.561428571428564
CAROLINA HERRERA,BAD BOY LE PARFUM,MEN'S BAD BOY COBALT EDP 3.4 OZ FRAGRANCES,89.99,https://www.jomashop.com/carolina-herrera-mens-bad-boy-cobalt-edp-3-4-oz-fragrances-8411061027837.html,0.4406779661016949,85.0,0.0,1.0,-4.989999999999995
CAROLINA HERRERA,GOOD GIRL,LADIES GOOD GIRL 1.0 OZ MIST,39.99,https://www.jomashop.com/carolina-herrera-ladies-good-girl-1-0-oz-mist-8411061043820.html,0.4864864864864865,85.0,0.0,1.0,45.01
CAROLINA HERRERA,GOOD GIRL EDP,GOOD GIRL EDP SPRAY 1.0 OZ FRAGRANCES,64.99,https://www.jomashop.com/carolina-herrera-good-girl-edp-spray-1-0-oz-fragrances-8411061041673.html,0.52,90.0,0.0,1.0,25.010000000000005
CAROLINA HERRERA,GOOD GIRL GONE BAD,LADIES GOOD GIRL 1.0 OZ MIST,39.99,https://www.jomashop.com/carolina-herrera-ladies-good-girl-1-0-oz-mist-8411061043820.html,0.5217391304347826,219.9998515512425,104.58689984117561,13.0,180.0098515512425
CAROLINA HERRERA,POWER UP FRESH EDT SPRAY,212 NYC FOR MEN / EDT SPRAY 1.7 OZ (M),44.99,https://www.jomashop.com/carolina-herrera-perfume-212mts17b.html,0.4516129032258064,25.0,0.0,2.0,-19.990000000000002
CAROLINA HERRERA,VERY GOOD GIRL ELIXIR,LADIES VERY GOOD GIRL ELIXIR EDP SPRAY 2.7 OZ FRAGRANCES,139.99,https://www.jomashop.com/carolina-herrera-ladies-very-good-girl-elixir-edp-spray-2-7-oz-fragrances-8411061106228.html,0.5454545454545454,115.0,0.0,1.0,-24.99000000000001
CREED,ABSOLU AVENTUS,MEN'S ABSOLU AVENTUS EDP SPRAY 3.4 OZ FRAGRANCES,449.99,https://www.jomashop.com/creed-mens-absolu-aventus-edp-spray-3-4-oz-fragrances-3508440004352.html,0.4516129032258064,288.36204508420326,14.60877871846876,8.0,-161.62795491579675
CREED,ABSOLU AVENTUS 2025,MEN'S ABSOLU AVENTUS EDP SPRAY 0.057 OZ FRAGRANCES,14.99,https://www.jomashop.com/creed-mens-absolu-aventus-edp-spray-0-057-oz-fragrances-3508440251329.html,0.4927536231884058,290.0,50.0,2.0,275.01
CREED,ACQUA FIORENTINA,ACQUA FIORENTINA / EDP SPRAY 2.5 OZ (W),192.99,https://www.jomashop.com/creed-perfume-caqes25.html,0.5818181818181818,152.85714285714286,29.38137685886162,7.0,-40.13285714285715
CREED,ACQUA FLORENTINA,ACQUA FIORENTINA / EDP SPRAY 2.5 OZ (W),192.99,https://www.jomashop.com/creed-perfume-caqes25.html,0.5454545454545454,,,,
CREED,AQUA FIORENTINA,ACQUA FIORENTINA / EDP SPRAY 2.5 OZ (W),192.99,https://www.jomashop.com/creed-perfume-caqes25.html,0.5555555555555556,153.06122448979593,0.0,2.0,-39.928775510204076
CREED,AVENTUS 21,AVENTUS / EDP SPRAY 1.7 OZ (50 ML),204.99,https://www.jomashop.com/creed-fragrances-cavmes17b-1-7oz.html,0.4090909090909091,155.0,0.0,2.0,-49.99000000000001
CREED,AVENTUS ABSOLU,AVENTUS / EDP SPRAY 1.7 OZ (50 ML),204.99,https://www.jomashop.com/creed-fragrances-cavmes17b-1-7oz.html,0.4583333333333333,218.14978040163598,44.57227058379862,2.0,13.15978040163597
CREED,AVENTUS ABSOLU TRIPLE AGE,UNISEX AVENTUS SOAP 5.29 OZ FRAGRANCES,54.0,https://www.jomashop.com/creed-unisex-aventus-soap-5-29-oz-fragrances-3508444105420.html,0.4761904761904761,290.0,5.0,2.0,236.0
CREED,AVENTUS BATCH F001925,AVENTUS / EDP SPRAY 1.0 OZ (30 ML) (W),164.99,https://www.jomashop.com/creed-perfume-caves1.html,0.4067796610169492,220.0,0.0,1.0,55.00999999999999
CREED,AVENTUS COLOGNE,AVENTUS / EDP SPRAY 1.7 OZ (50 ML),204.99,https://www.jomashop.com/creed-fragrances-cavmes17b-1-7oz.html,0.4081632653061224,183.6548339151497,31.398190819396604,11.0,-21.3351660848503
CREED,AVENTUS COLOGNE F,LADIES AVENTUS FOR HER GIFT SET FRAGRANCES,164.99,https://www.jomashop.com/creed-ladies-creed-aventus-for-her-gift-set-fragrances-3508440310668.html,0.4406779661016949,165.0,0.0,2.0,0.009999999999990905
CREED,AVENTUS F239/1752,AVENTUS / EDP SPRAY 1.7 OZ (50 ML),204.99,https://www.jomashop.com/creed-fragrances-cavmes17b-1-7oz.html,0.4705882352941176,170.0,0.0,2.0,-34.99000000000001
CREED,AVENTUS FOR HER,LADIES AVENTUS FOR HER GIFT SET FRAGRANCES,164.99,https://www.jomashop.com/creed-ladies-creed-aventus-for-her-gift-set-fragrances-3508440310668.html,0.5263157894736842,154.7754845341659,28.673469035153254,14.0,-10.214515465834097
CREED,AVENTUS FOR HER OIL,LADIES AVENTUS FOR HER GIFT SET FRAGRANCES,164.99,https://www.jomashop.com/creed-ladies-creed-aventus-for-her-gift-set-fragrances-3508440310668.html,0.5573770491803278,137.5,7.5,4.0,-27.49000000000001
CREED,AVENTUS FOR HIM,LADIES AVENTUS FOR HER GIFT SET FRAGRANCES,164.99,https://www.jomashop.com/creed-ladies-creed-aventus-for-her-gift-set-fragrances-3508440310668.html,0.4912280701754385,255.0,0.0,1.0,90.00999999999999
CREED,BOIS DU PORTUGAL,BOIS DU PORTUGAL / EDP SPRAY 1.7 OZ (50 ML) (M),184.99,https://www.jomashop.com/creed-perfume-cbpmes17.html,0.5079365079365079,230.0,0.0,1.0,45.00999999999999
CREED,BOIS DU PORTUGAL 16F01,BOIS DU PORTUGAL / EDP SPRAY 1.7 OZ (50 ML) (M),184.99,https://www.jomashop.com/creed-perfume-cbpmes17.html,0.5507246376811594,355.0,0.0,1.0,170.01
CREED,D.915 - AVENTUS INSPIRATION,MEN'S AVENTUS EDP SPRAY 1.0 OZ FRAGRANCES,159.99,https://www.jomashop.com/creed-mens-aventus-edp-spray-1-0-oz-fragrances-3508440251688.html,0.4411764705882353,20.0,0.0,1.0,-139.99
CREED,GREEN IRISH TWEED,MEN'S GREEN IRISH TWEED GIFT SET FRAGRANCES,148.99,https://www.jomashop.com/creed-mens-creed-green-irish-tweed-gift-set-fragrances-3508440310323.html,0.5666666666666667,174.44320480721868,37.83407681355801,7.0,25.45320480721867
CREED,GREEN IRISH TWEED F2042,MEN'S GREEN IRISH TWEED GIFT SET FRAGRANCES,148.99,https://www.jomashop.com/creed-mens-creed-green-irish-tweed-gift-set-fragrances-3508440310323.html,0.5757575757575758,145.0,0.0,2.0,-3.990000000000009
CREED,GREEN IRISH TWEED F2088,MEN'S GREEN IRISH TWEED GIFT SET FRAGRANCES,148.99,https://www.jomashop.com/creed-mens-creed-green-irish-tweed-gift-set-fragrances-3508440310323.html,0.5757575757575758,200.0,0.0,1.0,51.00999999999999
CREED,GREEN IRISH TWEED F2088/F694,MEN'S GREEN IRISH TWEED GIFT SET FRAGRANCES,148.99,https://www.jomashop.com/creed-mens-creed-green-irish-tweed-gift-set-fragrances-3508440310323.html,0.5633802816901409,200.0,0.0,1.0,51.00999999999999
CREED,GREEN IRISH TWEED F694,MEN'S GREEN IRISH TWEED GIFT SET FRAGRANCES,148.99,https://www.jomashop.com/creed-mens-creed-green-irish-tweed-gift-set-fragrances-3508440310323.html,0.5846153846153846,200.0,0.0,1.0,51.00999999999999
CREED,HIMALAYA F1701,HIMALAYA / EDP SPRAY 1.7 OZ (50 ML) (M),172.99,https://www.jomashop.com/creed-perfume-chmmes17.html,0.4528301886792453,,,,
CREED,LOVE IN BLACK,LOVE IN BLACK / EDP 16.0 OZ (480 ML) (U),,https://www.jomashop.com/creed-love-in-black-creed-edp-16-0-oz-480-ml-u-3508445002605.html,0.490566037735849,155.0,0.0,2.0,
CREED,LOVE IN WHITE,LOVE IN WHITE / EDP SPRAY 2.5 OZ (U),199.99,https://www.jomashop.com/creed-clwes25.html,0.5306122448979592,163.720617145773,27.095235743608136,5.0,-36.26938285422702
CREED,LOVE IN WHITE FOR SUMMER,LOVE IN WHITE / EDP SPRAY 2.5 OZ (U),199.99,https://www.jomashop.com/creed-clwes25.html,0.5666666666666667,145.0,0.0,2.0,-54.99000000000001
CREED,LOVE IN WHITE OIL,LOVE IN WHITE / EDP SPRAY 2.5 OZ (U),199.99,https://www.jomashop.com/creed-clwes25.html,0.5660377358490566,145.0,0.0,2.0,-54.99000000000001
CREED,MILLESIME IMPERIAL,UNISEX MILLESIME IMPERIAL EDP 0.08 OZ FRAGRANCES,13.99,https://www.jomashop.com/creed-mens-creed-millesime-imperial-edp-0-08-oz-fragrances-3508440501011.html,0.5454545454545454,190.5745537492797,41.30071635829299,9.0,176.58455374927968
CREED,MILLESIME IMPERIAL F3175,MILLESEME IMPERIAL / EDP SPRAY 1.7 OZ (50 ML) (U),209.99,https://www.jomashop.com/creed-perfume-cmies17.html,0.5753424657534246,200.0,0.0,2.0,-9.990000000000009
CREED,MILLISIME IMPERIAL,UNISEX MILLESIME IMPERIAL EDP 0.08 OZ FRAGRANCES,13.99,https://www.jomashop.com/creed-mens-creed-millesime-imperial-edp-0-08-oz-fragrances-3508440501011.html,0.5151515151515151,155.0,0.0,2.0,141.01
CREED,NEROLI SAUVAGE,NEROLI SAUVAGE / EDP SPRAY 3.3 OZ (100 ML) (U),189.99,https://www.jomashop.com/creed-perfume-cnses33.html,0.4666666666666667,226.31578947368425,5.26315789473685,2.0,36.32578947368424
CREED,ORIGINAL VETIVER,UNISEX ORIGINAL VETIVER EDP 8.4 OZ FRAGRANCES,474.99,https://www.jomashop.com/creed-unisex-creed-original-vetiver-edp-8-4-oz-fragrances-3508442502405.html,0.5245901639344263,169.32445006391433,10.248957725348424,5.0,-305.66554993608565
CREED,ORIGINAL VETIVER FBATCH,UNISEX ORIGINAL VETIVER EDP 8.4 OZ FRAGRANCES,474.99,https://www.jomashop.com/creed-unisex-creed-original-vetiver-edp-8-4-oz-fragrances-3508442502405.html,0.5882352941176471,200.0,0.0,2.0,-274.99
CREED,ORIGINAL VÉTIVER OIL,ORIGINAL VETIVER / EDP SPRAY 1.7 OZ (50 ML) (U),182.99,https://www.jomashop.com/creed-perfume-clves17.html,0.5373134328358209,145.0,0.0,2.0,-37.99000000000001
CREED,QUEEN OF SILK,LADIES QUEEN OF SILK EDP SPRAY 1.0 OZ FRAGRANCES,179.99,https://www.jomashop.com/creed-ladies-creed-queen-of-silk-edp-spray-1-0-oz-fragrances-3508440000507.html,0.4262295081967213,179.49934918708328,22.604062393688103,6.0,-0.4906508129167264
CREED,ROYAL OUD 19P01,MEN'S ROYAL OUD EDP 0.084 OZ FRAGRANCES,14.99,https://www.jomashop.com/creed-mens-royal-oud-edp-0-084-oz-fragrances-3508440501103.html,0.4444444444444444,,,,
CREED,ROYAL WATER,ROYAL WATER / EDP SPRAY 3.3 OZ (100 ML) (U),189.99,https://www.jomashop.com/creed-fragrances-crwes33.html,0.4074074074074074,149.378977397049,9.980697917812359,4.0,-40.61102260295101
CREED,SILVER MOUNTAIN WATER,MEN'S SILVER MOUNTAIN WATER EDP 8.4 OZ FRAGRANCES,399.99,https://www.jomashop.com/creed-mens-creed-silver-mountain-water-edp-8-4-oz-fragrances-3508440000729.html,0.6,199.14823312175488,26.30836033055942,2.0,-200.84176687824512
CREED,SILVER MOUNTAIN WATER F160/F222,SILVER MOUNTAIN WATER / EDP SPRAY 1.7 OZ (50 ML) (U),189.99,https://www.jomashop.com/creed-perfume-csmes17.html,0.5783132530120482,145.0,0.0,2.0,-44.99000000000001
CREED,SILVER MOUNTAIN WATER M3520K01,UNISEX SILVER MOUNTAIN WATER SOAP 5.29 OZ FRAGRANCES,49.99,https://www.jomashop.com/creed-unisex-silver-mountain-water-soap-5-29-oz-fragrances-3508444105352.html,0.5853658536585366,165.0,0.0,2.0,115.00999999999999
CREED,SILVER MOUNTAIN WATER OIL,SILVER MOUNTAIN WATER / EDP SPRAY 1.7 OZ (50 ML) (U),189.99,https://www.jomashop.com/creed-perfume-csmes17.html,0.6233766233766234,145.0,0.0,2.0,-44.99000000000001
CREED,TABAROME MILLESIME FBATCH,UNISEX MILLESIME IMPERIAL EDP 0.08 OZ FRAGRANCES,13.99,https://www.jomashop.com/creed-mens-creed-millesime-imperial-edp-0-08-oz-fragrances-3508440501011.html,0.410958904109589,200.0,0.0,2.0,186.01
CREED,VIKING COLOGNE,MEN'S VIKING COLOGNE EDP 1.7 OZ FRAGRANCES,179.99,https://www.jomashop.com/creed-mens-viking-cologne-edp-1-7-oz-fragrances-3508441001367.html,0.5,171.91058684827365,20.666103236456475,8.0,-8.079413151726357
CREED,VIKING COLOGNE S9821P01/S9821P01,MEN'S VIKING COLOGNE EDP SPRAY 3.3 OZ FRAGRANCES,199.99,https://www.jomashop.com/creed-mens-viking-cologne-spray-3-3-oz-fragrances-3508441001381.html,0.45,145.0,0.0,2.0,-54.99000000000001
CREED,VIKING EDP,VIKING / EDP SPRAY 3.3 OZ (100 ML) (M),254.99,https://www.jomashop.com/creed-perfume-cvkmes33.html,0.4166666666666667,185.0,0.0,2.0,-69.99000000000001
CREED,VINTAGE BOIS DU PORTUGAL,BOIS DU PORTUGAL / EDP SPRAY 1.7 OZ (50 ML) (M),184.99,https://www.jomashop.com/creed-perfume-cbpmes17.html,0.4507042253521127,,,,
CREED,VIRGIN ISLAND WATER,VIRGIN ISLAND WATER / EDP SPRAY 1.7 OZ (50 ML) (U),,https://www.jomashop.com/creed-perfume-cvies17.html,0.5507246376811594,203.13402722610567,32.48012809841787,9.0,
CREED,VIRGIN ISLAND WATER 2015,VIRGIN ISLAND WATER / EDP SPRAY 1.7 OZ (50 ML) (U),,https://www.jomashop.com/creed-perfume-cvies17.html,0.5675675675675675,452.6315789473685,5.684341886080802e-14,2.0,
CREED,WIND FLOWER,LADIES WIND FLOWERS EDP 2.5 OZ FRAGRANCES,250.99,https://www.jomashop.com/creed-ladies-wind-flowers-edp-2-5-oz-fragrances-3508440506856.html,0.4230769230769231,180.0,0.0,2.0,-70.99000000000001
CREED,WIND FLOWERS,LADIES WIND FLOWERS EDP 2.5 OZ FRAGRANCES,250.99,https://www.jomashop.com/creed-ladies-wind-flowers-edp-2-5-oz-fragrances-3508440506856.html,0.4528301886792453,143.61702127659575,0.0,2.0,-107.37297872340426
DIOR,DIOR HOMME INTENSE,CHRISTIAN MEN'S HOMME INTENSE EDP SPRAY 5 OZ FRAGRANCES,144.99,https://www.jomashop.com/christian-dior-ladies-homme-intense-edp-spray-5-oz-fragrances-3348901001120.html,0.410958904109589,112.74622097256241,107.88843334605174,2.0,-32.2437790274376
DIOR,DIOR HOMME PARFUM,MEN'S HOMME 2025 PARFUM 2.5 OZ FRAGRANCES,170.99,https://www.jomashop.com/dior-mens-dior-homme-2025-parfum-2-5-oz-fragrances-3348901682527.html,0.4482758620689655,283.8636363636364,11.136363636363626,2.0,112.87363636363636
DIOR,DIOR HOMME PARFUM 2023,MEN'S HOMME 2025 PARFUM 2.5 OZ FRAGRANCES,170.99,https://www.jomashop.com/dior-mens-dior-homme-2025-parfum-2-5-oz-fragrances-3348901682527.html,0.4761904761904761,,,,
DIOR,EAU SAUVAGE COLOGNE,MEN'S EAU SAUVAGE PARFUM 3.4 OZ FRAGRANCES,129.99,https://www.jomashop.com/christian-dior-mens-eau-sauvage-edp-spray-3-4-oz-fragrances-3348901069830.html,0.4590163934426229,80.0,0.0,1.0,-49.99000000000001
DIOR,EAU SAUVAGE PARFUM 2017,MEN'S EAU SAUVAGE PARFUM 3.4 OZ FRAGRANCES,129.99,https://www.jomashop.com/christian-dior-mens-eau-sauvage-edp-spray-3-4-oz-fragrances-3348901069830.html,0.5846153846153846,105.0,5.0,2.0,-24.99000000000001
DIOR,FAHRENHEIT PARFUM,CHRISTIAN MEN'S FAHRENHEIT PARFUM EDP SPRAY 2.5 OZ (75 ML),118.99,https://www.jomashop.com/christian-dior-mens-fahrenheit-parfum-edp-spray-2-5-oz-fragrances-3348901116817.html,0.4533333333333333,80.0,0.0,1.0,-38.989999999999995
DIOR,SAUVAGE ELIXIR,CHRISTIAN MEN'S SAUVAGE ELIXIR 2.0 OZ SPRAY FRAGRANCES,169.99,https://www.jomashop.com/christian-dior-mens-sauvage-elixir-spray-fragrances-3348901567572.html,0.4117647058823529,11.71324126821241,22.645263835712967,4.0,-158.2767587317876
DIOR,SAUVAGE PARFUM,MEN'S EAU SAUVAGE PARFUM 3.4 OZ FRAGRANCES,129.99,https://www.jomashop.com/christian-dior-mens-eau-sauvage-edp-spray-3-4-oz-fragrances-3348901069830.html,0.5,104.70005286731939,1.5147490249589133,5.0,-25.289947132680624
DIPTYQUE,EAU ROSE EDP,EAU ROSE BY FOR WOMEN - 3.4 OZ EDT SPRAY,132.99,https://www.jomashop.com/eau-rose-by-diptyque-for-women-3-4-oz-edt-spray-3700431405531.html,0.4615384615384615,,,,
DIPTYQUE,EAU ROSE EDT,EAU ROSE BY FOR WOMEN - 3.4 OZ EDT SPRAY,132.99,https://www.jomashop.com/eau-rose-by-diptyque-for-women-3-4-oz-edt-spray-3700431405531.html,0.4615384615384615,127.77777777777779,1.4210854715202004e-14,1.0,-5.212222222222223
DIPTYQUE,PHILOSYKOS EDT,- PHILOSYKOS EAU DE PARFUM SPRAY 75ML / 2.5OZ,171.99,https://www.jomashop.com/diptyque-philosykos-eau-de-parfum-spray-75ml-2-5-oz-3700431425461.html,0.4406779661016949,150.0,0.0,1.0,-21.99000000000001
DOLCE & GABBANA,DEVOTION EDP,LADIES DEVOTION EDP SPRAY 3.4 OZ FRAGRANCES,76.99,https://www.jomashop.com/dolce-and-gabbana-ladies-devotion-edp-spray-3-4-oz-fragrances-8057971183739.html,0.4363636363636363,95.00000000000001,1.4210854715202004e-14,1.0,18.01000000000002
DOLCE & GABBANA,DEVOTION EDP INTENSE,LADIES DEVOTION EDP SPRAY 3.4 OZ FRAGRANCES,76.99,https://www.jomashop.com/dolce-and-gabbana-ladies-devotion-edp-spray-3-4-oz-fragrances-8057971183739.html,0.5079365079365079,110.0,0.0,1.0,33.010000000000005
DOLCE & GABBANA,LIGHT BLUE,LIGHT BLUE / EDT SPRAY 1.6 OZ (W),34.99,https://www.jomashop.com/dolce-and-gabbana-perfume-ligts17.html,0.4651162790697674,67.70833333333334,0.0,1.0,32.71833333333334
DOLCE & GABBANA,LIGHT BLUE EAU INTENSE,LIGHT BLUE EAU INTENSE / EDP SPRAY 1.6 OZ (50 ML) (M),49.99,https://www.jomashop.com/dolce-and-gabbana-perfume-lbimes16.html,0.5866666666666667,49.31819358906919,3.7825704768481816,2.0,-0.6718064109308131
DOLCE & GABBANA,LIGHT BLUE EDT,LIGHT BLUE / EDT SPRAY 1.6 OZ (W),34.99,https://www.jomashop.com/dolce-and-gabbana-perfume-ligts17.html,0.5957446808510638,42.10526315789473,7.105427357601002e-15,1.0,7.115263157894731
DOLCE & GABBANA,LIGHT BLUE FOREVER,MEN'S LIGHT BLUE GIFT SET FRAGRANCES,54.99,https://www.jomashop.com/dolce-and-gabbana-mens-light-blue-gift-set-fragrances-8057971187461.html,0.5185185185185185,72.5,2.5,2.0,17.509999999999998
DOLCE & GABBANA,LIGHT BLUE INTENSE,MEN'S LIGHT BLUE GIFT SET FRAGRANCES,54.99,https://www.jomashop.com/dolce-and-gabbana-mens-light-blue-gift-set-fragrances-8057971187461.html,0.5555555555555556,,,,
DOLCE & GABBANA,LIGHT BLUE ITALIAN LOVE,MEN'S LIGHT BLUE GIFT SET FRAGRANCES,54.99,https://www.jomashop.com/dolce-and-gabbana-mens-light-blue-gift-set-fragrances-8057971187461.html,0.576271186440678,45.00000000000001,7.105427357601002e-15,1.0,-9.989999999999995
DOLCE & GABBANA,LIGHT BLUE SUMMER VIBES,MEN'S LIGHT BLUE GIFT SET FRAGRANCES,54.99,https://www.jomashop.com/dolce-and-gabbana-mens-light-blue-gift-set-fragrances-8057971187461.html,0.5423728813559322,42.10526315789474,0.0,2.0,-12.884736842105262
DOLCE & GABBANA,THE ONE EDP,MEN'S THE ONE EDP SPRAY 1.7 OZ FRAGRANCES,54.99,https://www.jomashop.com/dolce-and-gabbana-mens-the-one-edp-spray-1-7-oz-fragrances-3423473021384.html,0.4230769230769231,54.04611112074422,6.627433389409059,2.0,-0.9438888792557805
DOLCE & GABBANA,THE ONE EDT TESTER,MEN'S THE ONE EDP SPRAY 3.4 OZ (TESTER) FRAGRANCES,64.99,https://www.jomashop.com/dolce-and-gabbana-mens-the-one-edp-spray-3-4-oz-tester-fragrances-3423473026846.html,0.5,25.252525252525253,0.0,1.0,-39.73747474747474
DOLCE & GABBANA,THE ONE MYSTERIOUS NIGHT,THE ONE MEN BY EDP SPRAY 3.4 OZ (100 ML) (M),62.0,https://www.jomashop.com/dolce-and-gabbana-perfume-thomes34-a.html,0.4117647058823529,224.99999999999997,2.842170943040401e-14,2.0,162.99999999999997
DOLCE & GABBANA,THE ONE SPORT,MEN'S THE ONE EDP SPRAY 1.7 OZ FRAGRANCES,54.99,https://www.jomashop.com/dolce-and-gabbana-mens-the-one-edp-spray-1-7-oz-fragrances-3423473021384.html,0.4444444444444444,54.99999999999999,7.105427357601002e-15,1.0,0.009999999999990905
FREDERIC MALLE,CARNAL FLOWER,UNISEX CARNAL FLOWER EDP SPRAY 3.4 OZ FRAGRANCES,221.99,https://www.jomashop.com/frederic-malle-carnal-flower-ladies-3-4-oz-edp-spray-3700135003613.html,0.4262295081967213,197.3590623340074,25.120767460460822,6.0,-24.630937665992604
GIORGIO ARMANI,ACQUA DI GIO,ACQUA DI GIO MEN BY EDT SPRAY 1.0 OZ,39.99,https://www.jomashop.com/acqua-di-gio-men-by-giorgio-armani-edt-spray-1-0-oz-acumts1.html,0.5,30.0,0.0,1.0,-9.990000000000002
GIORGIO ARMANI,ACQUA DI GIO ABSOLU,ACQUA DI GIO MEN BY EDT SPRAY 1.0 OZ,39.99,https://www.jomashop.com/acqua-di-gio-men-by-giorgio-armani-edt-spray-1-0-oz-acumts1.html,0.5454545454545454,,,,
GIORGIO ARMANI,ACQUA DI GIO EDP,ACQUA DI GIO MEN BY EDT SPRAY 1.0 OZ,39.99,https://www.jomashop.com/acqua-di-gio-men-by-giorgio-armani-edt-spray-1-0-oz-acumts1.html,0.6153846153846154,65.0,0.0,1.0,25.009999999999998
GIORGIO ARMANI,ACQUA DI GIO ELIXIR,MEN'S ACQUA DI GIO ELIXIR EDP SPRAY 1.7 FRAGRANCES,130.0,https://www.jomashop.com/giorgio-armani-mens-acqua-di-gio-elixir-1-7-fragrances-3614274143751.html,0.5507246376811594,65.0,0.0,1.0,-65.0
GIORGIO ARMANI,ACQUA DI GIO FOR WOMEN EDT,ACQUA DI GIO MEN BY EDT SPRAY 1.0 OZ,39.99,https://www.jomashop.com/acqua-di-gio-men-by-giorgio-armani-edt-spray-1-0-oz-acumts1.html,0.6451612903225806,50.0,0.0,1.0,10.009999999999998
GIORGIO ARMANI,ACQUA DI GIO PARFUM,MEN'S ACQUA DI GIO PARFUM 1.7 OZ FRAGRANCES,72.99,https://www.jomashop.com/giorgio-armani-mens-acqua-di-gio-parfum-1-7-oz-fragrances-3614273954174.html,0.6129032258064516,78.94736842105263,0.0,1.0,5.957368421052635
GIORGIO ARMANI,ACQUA DI GIO PROFONDO,MEN'S ACQUA DI GIO PROFONDO EDP SPRAY 2.5 OZ (70 ML),102.99,https://www.jomashop.com/giorgio-armani-mens-acqua-di-gio-profondo-edp-spray-2-5-oz-fragrances-3614272865228.html,0.5753424657534246,,,,
GIORGIO ARMANI,ACQUA DI GIO PROFONDO PARFUM,MEN'S ACQUA DI GIO PROFONDO PARFUM 0.5 OZ FRAGRANCES,30.0,https://www.jomashop.com/giorgio-armani-mens-acqua-di-gio-profondo-parfum-0-5-oz-fragrances-3614274015331.html,0.7,,,,
GIORGIO ARMANI,ACQUA DI GIO PROFUMO,MEN'S ACQUA DI GIO PARFUM 1.7 OZ FRAGRANCES,72.99,https://www.jomashop.com/giorgio-armani-mens-acqua-di-gio-parfum-1-7-oz-fragrances-3614273954174.html,0.6031746031746031,161.6161616161616,0.0,1.0,88.62616161616161
GIORGIO ARMANI,ACQUA DI GIO PROFUMO 2022,MEN'S ACQUA DI GIO PARFUM 1.7 OZ FRAGRANCES,72.99,https://www.jomashop.com/giorgio-armani-mens-acqua-di-gio-parfum-1-7-oz-fragrances-3614273954174.html,0.5882352941176471,210.5263157894737,0.0,2.0,137.5363157894737
GIORGIO ARMANI,ACQUA DI GIO PROFUMO 2023,MEN'S ACQUA DI GIO PARFUM 4.23 OZ FRAGRANCES,127.99,https://www.jomashop.com/giorgio-armani-mens-acqua-di-gio-le-parfum-4-23-oz-fragrances-3614273907521.html,0.6086956521739131,147.3684210526316,0.0,2.0,19.378421052631595
GIORGIO ARMANI,ACQUA DI GIOIA,ACQUA DI GIO MEN BY EDT SPRAY 1.0 OZ,39.99,https://www.jomashop.com/acqua-di-gio-men-by-giorgio-armani-edt-spray-1-0-oz-acumts1.html,0.52,,,,
GIORGIO ARMANI,ADG PROFONDO PARFUM,MEN'S ACQUA DI GIO PROFONDO PARFUM 0.5 OZ FRAGRANCES,30.0,https://www.jomashop.com/giorgio-armani-mens-acqua-di-gio-profondo-parfum-0-5-oz-fragrances-3614274015331.html,0.5352112676056338,,,,
GIORGIO ARMANI,AQUA DI GIO,ACQUA DI GIO MEN BY EDT SPRAY 1.0 OZ,39.99,https://www.jomashop.com/acqua-di-gio-men-by-giorgio-armani-edt-spray-1-0-oz-acumts1.html,0.4680851063829787,81.63265306122449,0.0,1.0,41.642653061224486
GIORGIO ARMANI,AQUA DI GIO EDP,ACQUA DI GIO MEN BY EDT SPRAY 1.0 OZ,39.99,https://www.jomashop.com/acqua-di-gio-men-by-giorgio-armani-edt-spray-1-0-oz-acumts1.html,0.5882352941176471,105.0,0.0,1.0,65.00999999999999
GIORGIO ARMANI,AQUA DI GIO PARFUM,MEN'S ACQUA DI GIO PARFUM 1.7 OZ FRAGRANCES,72.99,https://www.jomashop.com/giorgio-armani-mens-acqua-di-gio-parfum-1-7-oz-fragrances-3614273954174.html,0.5901639344262295,98.33333333333331,18.408935028645434,3.0,25.34333333333332
GIORGIO ARMANI,AQUA DI GIO PROFONDO,MEN'S ACQUA DI GIO PROFONDO EDP SPRAY 2.5 OZ (70 ML),102.99,https://www.jomashop.com/giorgio-armani-mens-acqua-di-gio-profondo-edp-spray-2-5-oz-fragrances-3614272865228.html,0.5555555555555556,10.0,0.0,1.0,-92.99
GIORGIO ARMANI,ARMANI CODE EDP,MEN'S ARMANI CODE EDP 1.7 OZ FRAGRANCES,69.99,https://www.jomashop.com/giorgio-armani-mens-armani-code-edp-1-7-oz-fragrances-3614273636445.html,0.5555555555555556,55.55555555555556,0.0,1.0,-14.434444444444438
GIORGIO ARMANI,ARMANI CODE EDP 2024,MEN'S ARMANI CODE EDP 4.2 OZ FRAGRANCES,104.99,https://www.jomashop.com/giorgio-armani-mens-armani-code-edp-4-2-oz-fragrances-3614273636384.html,0.576271186440678,,,,
GIORGIO ARMANI,ARMANI CODE EDT,MEN'S ARMANI CODE EDP 1.7 OZ FRAGRANCES,69.99,https://www.jomashop.com/giorgio-armani-mens-armani-code-edp-1-7-oz-fragrances-3614273636445.html,0.5185185185185185,63.00000000000001,7.105427357601002e-15,1.0,-6.989999999999988
GIORGIO ARMANI,CODE PARFUM,MEN'S CODE PARFUM 1 OZ FRAGRANCES,54.99,https://www.jomashop.com/giorgio-armani-mens-code-parfum-1-oz-fragrances-3614274298024.html,0.5,103.78838722951666,5.371582909875209,4.0,48.798387229516656
GIORGIO ARMANI,PROFONDO PARFUM,MEN'S ACQUA DI GIO PROFONDO PARFUM 0.5 OZ FRAGRANCES,30.0,https://www.jomashop.com/giorgio-armani-mens-acqua-di-gio-profondo-parfum-0-5-oz-fragrances-3614274015331.html,0.4477611940298507,11.0,0.0,1.0,-19.0
GIORGIO ARMANI,STRONGER WITH YOU ABSOLUTELY,- EMPORIO ARMANI STRONGER WITH YOU ABSOLUTELY EAU DE PARFUM SPRAY 50ML/1.7OZ,71.99,https://www.jomashop.com/giorgio-armani-emporio-armani-stronger-with-you-absolutely-eau-de-parfum-spray-50ml-1-7oz-3614273335812.html,0.5384615384615384,84.67548552649228,7.177552697404775,3.0,12.685485526492286
GIORGIO ARMANI,STRONGER WITH YOU ABSOLUTELY PARFUM,- EMPORIO ARMANI STRONGER WITH YOU ABSOLUTELY EAU DE PARFUM SPRAY 50ML/1.7OZ,71.99,https://www.jomashop.com/giorgio-armani-emporio-armani-stronger-with-you-absolutely-eau-de-parfum-spray-50ml-1-7oz-3614273335812.html,0.6306306306306306,100.0,0.0,1.0,28.010000000000005
GIORGIO ARMANI,STRONGER WITH YOU INTENSELY,EMPORIO STRONGER WITH YOU INTENSELY / EDP SPRAY 3.4 OZ (100 ML) (M),98.0,https://www.jomashop.com/giorgio-armani-fragrances-ewimes34-a.html,0.574468085106383,83.23638900395922,2.389085857571461,3.0,-14.763610996040782
GIVENCHY,GENTLEMAN AMBREE,MEN'S GENTLEMAN BOISEE GIFT SET FRAGRANCES,74.99,https://www.jomashop.com/givenchy-mens-gentleman-boisee-gift-set-fragrances-3274872442184.html,0.4482758620689655,97.0,0.0,1.0,22.010000000000005
GIVENCHY,GENTLEMAN BOISEE,MEN'S GENTLEMAN BOISEE GIFT SET FRAGRANCES,74.99,https://www.jomashop.com/givenchy-mens-gentleman-boisee-gift-set-fragrances-3274872442184.html,0.5517241379310345,75.0,0.0,1.0,0.010000000000005116
GIVENCHY,GENTLEMAN EDP,MEN'S GENTLEMAN BOISEE EDP 6.7 OZ FRAGRANCES,129.99,https://www.jomashop.com/givenchy-mens-gentleman-boisee-edp-6-7-oz-fragrances-3274872451698.html,0.4561403508771929,,,,
GIVENCHY,GENTLEMAN EDP BOISEE,MEN'S GENTLEMAN BOISEE GIFT SET FRAGRANCES,74.99,https://www.jomashop.com/givenchy-mens-gentleman-boisee-gift-set-fragrances-3274872442184.html,0.5161290322580645,65.0,0.0,2.0,-9.989999999999995
GIVENCHY,GENTLEMAN EDT INTENSE,MEN'S GENTLEMAN BOISEE EDP 6.7 OZ FRAGRANCES,129.99,https://www.jomashop.com/givenchy-mens-gentleman-boisee-edp-6-7-oz-fragrances-3274872451698.html,0.4923076923076923,50.0,0.0,1.0,-79.99000000000001
GIVENCHY,GENTLEMAN RESERVE PRIVEE,MEN'S GENTLEMAN SOCIETY EXTREME EDP SPRAY 2.0 OZ FRAGRANCES,69.99,https://www.jomashop.com/givenchy-mens-gentleman-society-extreme-edp-spray-2-0-oz-fragrances-3274872467958.html,0.4096385542168674,84.0,0.0,1.0,14.010000000000005
GIVENCHY,GENTLEMAN SOCIETY,MEN'S GENTLEMAN BOISEE GIFT SET FRAGRANCES,74.99,https://www.jomashop.com/givenchy-mens-gentleman-boisee-gift-set-fragrances-3274872442184.html,0.4745762711864407,,,,
GUCCI,FLORA GORGEOUS GARDENIA,LADIES FLORA GORGEOUS GARDENIA GIFT SET FRAGRANCES,114.0,https://www.jomashop.com/gucci-ladies-flora-gorgeous-gardenia-gift-set-fragrances-3616303784812.html,0.6301369863013698,85.0,0.0,1.0,-29.0
GUCCI,FLORA GORGEOUS ORCHID,LADIES FLORA GORGEOUS ORCHID EDP .16 OZ FRAGRANCES,19.99,https://www.jomashop.com/gucci-ladies-gucci-flora-gorgeous-orchid-edp-16-oz-fragrances-3616305169303.html,0.5915492957746479,70.0,0.0,1.0,50.010000000000005
GUCCI,GUCCI GUILTY ABSOLUTE,GUILTY / BEAUTY WISHES SET (M),69.99,https://www.jomashop.com/gucci-guilty-gucci-beauty-wishes-set-m-3616303459598.html,0.4313725490196078,65.0,0.0,2.0,-4.989999999999995
GUCCI,GUCCI GUILTY INTENSE,GUILTY / BEAUTY WISHES SET (M),69.99,https://www.jomashop.com/gucci-guilty-gucci-beauty-wishes-set-m-3616303459598.html,0.44,30.0,0.0,1.0,-39.989999999999995
GUCCI,GUCCI POUR HOMME II,MEN'S GUILTY POUR HOMME GIFT SET FRAGRANCES,69.99,https://www.jomashop.com/gucci-mens-gucci-guilty-pour-homme-gift-set-fragrances-3616304104367.html,0.5161290322580645,,,,
GUCCI,GUILTY ABSOLUTE,GUILTY / BEAUTY WISHES SET (M),69.99,https://www.jomashop.com/gucci-guilty-gucci-beauty-wishes-set-m-3616303459598.html,0.4888888888888889,50.0,0.0,1.0,-19.989999999999995
GUCCI,GUILTY BLACK EDT,GUILTY / BEAUTY WISHES SET (M),69.99,https://www.jomashop.com/gucci-guilty-gucci-beauty-wishes-set-m-3616303459598.html,0.5217391304347826,70.0,0.0,1.0,0.010000000000005116
GUCCI,GUILTY BLACK POUR HOMME,GUILTY POUR HOMME / EDT SPRAY 3.0 OZ (M),61.99,https://www.jomashop.com/gucci-ggymts3.html,0.5396825396825397,60.0,0.0,1.0,-1.990000000000002
GUCCI,GUILTY ELIXIR,GUILTY / BEAUTY WISHES SET (M),69.99,https://www.jomashop.com/gucci-guilty-gucci-beauty-wishes-set-m-3616303459598.html,0.4186046511627907,80.8080808080808,0.0,1.0,10.818080808080808
GUCCI,GUILTY ELIXIR POUR FEMME,GUILTY POUR HOMME / EDT SPRAY 3.0 OZ (M),61.99,https://www.jomashop.com/gucci-ggymts3.html,0.46875,90.0,0.0,2.0,28.009999999999998
GUCCI,GUILTY ESSENCE,GUILTY / BEAUTY WISHES SET (M),69.99,https://www.jomashop.com/gucci-guilty-gucci-beauty-wishes-set-m-3616303459598.html,0.5,70.0,0.0,1.0,0.010000000000005116
GUCCI,GUILTY FEMME,GUILTY / BEAUTY WISHES SET (M),69.99,https://www.jomashop.com/gucci-guilty-gucci-beauty-wishes-set-m-3616303459598.html,0.4285714285714285,55.0,0.0,1.0,-14.989999999999995
GUCCI,GUILTY INTENSE,GUILTY / BEAUTY WISHES SET (M),69.99,https://www.jomashop.com/gucci-guilty-gucci-beauty-wishes-set-m-3616303459598.html,0.5,,,,
GUCCI,GUILTY PARFUM POUR HOMME,GUILTY POUR HOMME / EDT SPRAY 3.0 OZ (M),61.99,https://www.jomashop.com/gucci-ggymts3.html,0.53125,80.0,0.0,1.0,18.009999999999998
GUCCI,GUILTY POUR FEMME,GUILTY POUR HOMME / EDT SPRAY 3.0 OZ (M),61.99,https://www.jomashop.com/gucci-ggymts3.html,0.5263157894736842,70.0,0.0,1.0,8.009999999999998
GUCCI,GUILTY POUR HOMME,GUILTY POUR HOMME / EDT SPRAY 3.0 OZ (M),61.99,https://www.jomashop.com/gucci-ggymts3.html,0.5964912280701754,40.0,0.0,1.0,-21.990000000000002
GUCCI,THE ALCHEMIST'S GARDEN A CHANT FOR THE NYMPH,LADIES FLORA GORGEOUS GARDENIA GIFT SET FRAGRANCES,114.0,https://www.jomashop.com/gucci-ladies-flora-gorgeous-gardenia-gift-set-fragrances-3616303784812.html,0.4042553191489361,222.22222222222223,0.0,2.0,108.22222222222223
GUCCI,THE ALCHEMIST'S GARDEN A SONG FOR THE ROSE,LADIES FLORA GORGEOUS GARDENIA GIFT SET FRAGRANCES,114.0,https://www.jomashop.com/gucci-ladies-flora-gorgeous-gardenia-gift-set-fragrances-3616303784812.html,0.4347826086956521,184.21052631578948,0.0,2.0,70.21052631578948
GUCCI,VINTAGE OG POUR HOMME,GUILTY POUR HOMME / EDT SPRAY 3.0 OZ (M),61.99,https://www.jomashop.com/gucci-ggymts3.html,0.4262295081967213,55.0,0.0,1.0,-6.990000000000002
HUGO BOSS,BOSS BOTTLED ABSOLU,MEN'S BOTTLED ABSOLU PARFUM INTENSE EDP 3.3 OZ FRAGRANCES,97.5,https://www.jomashop.com/hugo-boss-mens-bottled-absolu-parfum-intense-edp-3-3-oz-fragrances-3616305480620.html,0.4210526315789473,73.98511593173454,24.939659193013007,4.0,-23.51488406826546
HUGO BOSS,BOSS BOTTLED BOLD CITRUS,MEN'S BOTTLED ABSOLU PARFUM INTENSE EDP 3.3 OZ FRAGRANCES,97.5,https://www.jomashop.com/hugo-boss-mens-bottled-absolu-parfum-intense-edp-3-3-oz-fragrances-3616305480620.html,0.419753086419753,70.0,0.0,2.0,-27.5
JEAN PAUL GAULTIER,ELIXIR ABSOLU,MEN'S LE MALE ELIXIR ABSOLU 6.8 OZ FRAGRANCES,179.99,https://www.jomashop.com/jean-paul-gaultier-mens-le-male-elixir-absolu-6-8-oz-fragrances-8435415102353.html,0.4482758620689655,110.0,0.0,1.0,-69.99000000000001
JEAN PAUL GAULTIER,JPG LE MALE LE PARFUM - 2020 BATCH,MEN'S LE MALE LE PARFUM EDP SPRAY 2.5 OZ FRAGRANCES,79.95,https://www.jomashop.com/jean-paul-gaultier-mens-le-male-edp-spray-2-5-oz-fragrances-8435415032278.html,0.5647058823529412,27.5,7.5,2.0,-52.45
JEAN PAUL GAULTIER,LE BEAU EDT,MEN'S LE BEAU EDT SPRAY 2.5 OZ FRAGRANCES,74.99,https://www.jomashop.com/jean-paul-gaultier-mens-le-beau-edt-spray-2-5-oz-fragrances-8435415017190.html,0.4230769230769231,80.0,5.0,2.0,5.010000000000005
JEAN PAUL GAULTIER,LE BEAU FLOWER EDITION,MEN'S LE BEAU EDT SPRAY 2.5 OZ FRAGRANCES,74.99,https://www.jomashop.com/jean-paul-gaultier-mens-le-beau-edt-spray-2-5-oz-fragrances-8435415017190.html,0.4126984126984127,145.0,0.0,1.0,70.01
JEAN PAUL GAULTIER,LE BEAU LE PARFUM,LE MALE / J.P.G SET (M),69.99,https://www.jomashop.com/jean-paul-gaultier-le-male-j-p-g-set-m-8435415081238.html,0.45,89.97657795567135,3.128682311913683,3.0,19.98657795567135
JEAN PAUL GAULTIER,LE BEAU PARADISE GARDEN,MEN'S LE BEAU PARADISE GARDEN EDP SPRAY 2.5 OZ,77.95,https://www.jomashop.com/jean-paul-gaultier-mens-le-beau-paradise-garden-edp-2-5-oz-fragrances-8435415091244.html,0.6666666666666666,89.00000000000001,1.4210854715202004e-14,2.0,11.050000000000011
JEAN PAUL GAULTIER,LE MALE,LE MALE / J.P.G SET (M),69.99,https://www.jomashop.com/jean-paul-gaultier-le-male-j-p-g-set-m-8435415081238.html,0.4666666666666667,15.789473684210527,0.0,1.0,-54.20052631578947
JEAN PAUL GAULTIER,LE MALE ELIXIR,LE MALE / J.P.G SET (M),69.99,https://www.jomashop.com/jean-paul-gaultier-le-male-j-p-g-set-m-8435415081238.html,0.4864864864864865,90.28959204420194,8.574443675725988,5.0,20.299592044201944
JEAN PAUL GAULTIER,LE MALE LE PARFUM,LE MALE / J.P.G SET (M),69.99,https://www.jomashop.com/jean-paul-gaultier-le-male-j-p-g-set-m-8435415081238.html,0.55,91.0185217309983,12.830705418644678,7.0,21.028521730998307
JEAN PAUL GAULTIER,LE MALE PARFUM,LE MALE / J.P.G SET (M),69.99,https://www.jomashop.com/jean-paul-gaultier-le-male-j-p-g-set-m-8435415081238.html,0.5405405405405406,52.631578947368425,0.0,1.0,-17.35842105263157
JEAN PAUL GAULTIER,PARADISE GARDEN,LADIES LA BELLE PARADISE GARDEN EDP 3.4 OZ,99.99,https://www.jomashop.com/jean-paul-gaultier-ladies-la-belle-paradise-garden-edp-3-4-oz-fragrances-8435415091251.html,0.5263157894736842,57.38424548225732,3.064888625154959,3.0,-42.605754517742675
JEAN PAUL GAULTIER,SCANDAL ABSOLU,MEN'S SCANDAL ABSOLU PARFUM 1.7 OZ FRAGRANCES,79.99,https://www.jomashop.com/jean-paul-gaultier-mens-scandal-absolu-parfum-1-7-oz-fragrances-8435415080378.html,0.4745762711864407,70.0,0.0,1.0,-9.989999999999995
JEAN PAUL GAULTIER,SCANDAL LE PARFUM,MEN'S SCANDAL ABSOLU PARFUM 1.7 OZ FRAGRANCES,79.99,https://www.jomashop.com/jean-paul-gaultier-mens-scandal-absolu-parfum-1-7-oz-fragrances-8435415080378.html,0.5161290322580645,79.21412429587687,0.410213458813953,5.0,-0.7758757041231235
JEAN PAUL GAULTIER,SCANDAL PARFUM VINTAGE,MEN'S SCANDAL ABSOLU PARFUM 1.7 OZ FRAGRANCES,79.99,https://www.jomashop.com/jean-paul-gaultier-mens-scandal-absolu-parfum-1-7-oz-fragrances-8435415080378.html,0.5373134328358209,300.0,0.0,1.0,220.01
JEAN PAUL GAULTIER,SCANDAL POUR HOMME LE PARFUM,MEN'S SCANDAL ABSOLU PARFUM 1.7 OZ FRAGRANCES,79.99,https://www.jomashop.com/jean-paul-gaultier-mens-scandal-absolu-parfum-1-7-oz-fragrances-8435415080378.html,0.4657534246575342,55.55555555555556,0.0,1.0,-24.434444444444438
JEAN PAUL GAULTIER,ULTRA MALE,MEN'S ULTRA MALE EDT SPRAY 4.2 OZ,104.99,https://www.jomashop.com/jean-paul-gaultier-mens-ultra-male-edt-spray-4-2-oz-fragrances-8435415012027.html,0.4651162790697674,84.46560686508066,2.9499059108406644,2.0,-20.524393134919336
JIMMY CHOO,I WANT CHOO EDP,I WANT CHOO / EDP SPRAY 1.3 OZ (40 ML) (W),39.99,https://www.jomashop.com/i-want-choo-jimmy-choo-edp-spray-1-3-oz-40-ml-w-3386460119276.html,0.5263157894736842,60.0,0.0,1.0,20.009999999999998
JIMMY CHOO,I WANT CHOO FOREVER,LADIES I WANT CHOO FOREVER GIFT SET FRAGRANCES,99.99,https://www.jomashop.com/jimmy-choo-ladies-i-want-choo-forever-gift-set-fragrances-3386460134415.html,0.5846153846153846,75.0,0.0,1.0,-24.989999999999995
JIMMY CHOO,I WANT CHOO LE PARFUM,LADIES I WANT CHOO LE PARFUM SPRAY 3.4 OZ FRAGRANCES,79.99,https://www.jomashop.com/jimmy-choo-ladies-i-want-choo-le-parfum-edp-spray-3-4-oz-fragrances-3386460141703.html,0.5753424657534246,77.5,7.5,2.0,-2.489999999999995
JIMMY CHOO,MAN ICE,MAN INTENSE / SET (M),59.99,https://www.jomashop.com/jimmy-choo-man-intense-jimmy-choo-set-m-3386460129800.html,0.4285714285714285,10.526315789473685,0.0,1.0,-49.46368421052632
JIMMY CHOO,MAN INTENSE,MAN INTENSE / SET (M),59.99,https://www.jomashop.com/jimmy-choo-man-intense-jimmy-choo-set-m-3386460129800.html,0.6875,2.0,0.0,1.0,-57.99
JO MALONE LONDON,ENGLISH PEAR AND SWEET PEA,JO MALONE ENGLISH PEAR & FREESIA PERFUME 3.4 OZ COLOGNE SPRAY,104.99,https://www.jomashop.com/jo-malone-london-english-pear-freesia-cologne-690251019113.html,0.4597701149425287,84.47368421052632,5.526315789473685,2.0,-20.51631578947368
KILIAN,ANGEL SHARE,UNISEX ANGEL'S SHARE EDP 3.4 OZ FRAGRANCES,325.0,https://www.jomashop.com/kilian-unisex-angels-share-edp-3-4-oz-fragrances-3700550232971.html,0.4150943396226415,65.0,0.0,1.0,-260.0
KILIAN,ANGEL'S SHARE,UNISEX ANGEL'S SHARE EDP 3.4 OZ FRAGRANCES,325.0,https://www.jomashop.com/kilian-unisex-angels-share-edp-3-4-oz-fragrances-3700550232971.html,0.4727272727272727,251.65402473371557,166.30301315094286,9.0,-73.34597526628443
KILIAN,ANGELS SHARE,UNISEX ANGEL'S SHARE EDP 3.4 OZ FRAGRANCES,325.0,https://www.jomashop.com/kilian-unisex-angels-share-edp-3-4-oz-fragrances-3700550232971.html,0.4444444444444444,239.31192148927047,11.85675514896972,3.0,-85.68807851072953
KILIAN,ANGELS' SHARE,UNISEX ANGEL'S SHARE EDP 3.4 OZ FRAGRANCES,325.0,https://www.jomashop.com/kilian-unisex-angels-share-edp-3-4-oz-fragrances-3700550232971.html,0.4363636363636363,225.0,45.0,2.0,-100.0
KILIAN,ANGELS' SHARE PARADIS,UNISEX ANGEL'S SHARE EDP 3.4 OZ FRAGRANCES,325.0,https://www.jomashop.com/kilian-unisex-angels-share-edp-3-4-oz-fragrances-3700550232971.html,0.5396825396825397,310.34175140676376,19.59172417384304,2.0,-14.658248593236237
KILIAN,APPLE BRANDY ON THE ROCKS,UNISEX APPLE BRANDY ON THE ROCKS EDP 3.4 OZ FRAGRANCES,299.99,https://www.jomashop.com/kilian-unisex-apple-brandy-on-the-rocks-edp-3-4-oz-fragrances-3700550232995.html,0.6329113924050633,,,,
LATTAFA,AL NASHAMA CAPRICE,UNISEX AL NASHAMA CAPRICE EDP 3.4 OZ FRAGRANCES,26.99,https://www.jomashop.com/lattafa-unisex-al-nashama-caprice-edp-3-4-oz-fragrances-6290360593173.html,0.5538461538461539,,,,
LATTAFA,ART OF ARABIA III,PRIDE ART OF ARABIA I EDP 3.4 OZ FRAGRANCES 6290360591988,,https://www.jomashop.com/lattafa-pride-art-of-arabia-i-edp-3-4-oz-fragrances-6290360591988.html,0.4054054054054054,25.0,0.0,2.0,
LATTAFA,ART OF UNIVERSE,UNISEX ART OF UNIVERSE EDP SPRAY 3.4 OZ FRAGRANCES,44.99,https://www.jomashop.com/lattafa-unisex-art-of-universe-edp-spray-3-4-oz-fragrances-6290360592206.html,0.4615384615384615,41.23711340206186,0.0,1.0,-3.7528865979381436
LATTAFA,ECLAIRE EDP,UNISEX ECLAIRE EDP SPRAY 3.4 OZ FRAGRANCES,27.99,https://www.jomashop.com/lattafa-unisex-eclaire-edp-spray-3-4-oz-fragrances-6290362340638.html,0.4150943396226415,,,,
LATTAFA,FAKHAR PLATIN,UNISEX FAKHAR PLATIN EDP SPRAY 3.4 OZ FRAGRANCES,34.99,https://www.jomashop.com/lattafa-unisex-fakhar-platin-edp-spray-3-4-oz-fragrances-6290362345817.html,0.4262295081967213,25.510204081632654,0.0,2.0,-9.479795918367348
LATTAFA,HIS CONFESSION,MEN'S HIS CONFESSION EDP SPRAY 3.4 OZ FRAGRANCES,39.99,https://www.jomashop.com/lattafa-mens-his-confession-edp-spray-3-4-oz-fragrances-6290360599113.html,0.4516129032258064,30.303030303030305,0.0,1.0,-9.686969696969697
LATTAFA,KHAMRAH QAHWA,UNISEX KHAMRAH QAHWA EDP SPRAY 3.4 OZ FRAGRANCES,24.99,https://www.jomashop.com/lattafa-unisex-khamrah-qahwa-edp-spray-3-4-oz-fragrances-6290360593661.html,0.4262295081967213,20.2020202020202,0.0,1.0,-4.787979797979798
LATTAFA,LIAM LIAM GREY,UNISEX LIAM GREY EDP 3.4 OZ FRAGRANCES,24.99,https://www.jomashop.com/lattafa-unisex-liam-grey-edp-3-4-oz-fragrances-6290360591537.html,0.4230769230769231,16.0,0.0,1.0,-8.989999999999998
MAISON FRANCIS KURKDJIAN,540 EXTRAIT,BACCARAT ROUGE 540 EXTRAIT 5X11ML,406.99,https://www.jomashop.com/maison-francis-kurkdjian-baccarat-rouge-540-extrait-5x11ml-3700559608012.html,0.5,680.0,0.0,1.0,273.01
MAISON FRANCIS KURKDJIAN,AMYRIS EXTRAIT,BACCARAT ROUGE 540 EXTRAIT 5X11ML,406.99,https://www.jomashop.com/maison-francis-kurkdjian-baccarat-rouge-540-extrait-5x11ml-3700559608012.html,0.425531914893617,240.0,0.0,1.0,-166.99
MAISON FRANCIS KURKDJIAN,AMYRIS FEMME EXTRAIT,BACCARAT ROUGE 540 EXTRAIT 5X11ML,406.99,https://www.jomashop.com/maison-francis-kurkdjian-baccarat-rouge-540-extrait-5x11ml-3700559608012.html,0.4528301886792453,200.0,0.0,1.0,-206.99
MAISON FRANCIS KURKDJIAN,AMYRIS HOMME EXTRAIT,BACCARAT ROUGE 540 EXTRAIT 5X11ML,406.99,https://www.jomashop.com/maison-francis-kurkdjian-baccarat-rouge-540-extrait-5x11ml-3700559608012.html,0.490566037735849,250.0,0.0,2.0,-156.99
MAISON FRANCIS KURKDJIAN,BACCARAT EX,BACCARAT ROUGE 540 EXTRAIT 5X11ML,406.99,https://www.jomashop.com/maison-francis-kurkdjian-baccarat-rouge-540-extrait-5x11ml-3700559608012.html,0.5,190.0,0.0,1.0,-216.99
MAISON FRANCIS KURKDJIAN,BACCARAT PERFUMED OIL,BACCARAT ROUGE 540 EXTRAIT 5X11ML,406.99,https://www.jomashop.com/maison-francis-kurkdjian-baccarat-rouge-540-extrait-5x11ml-3700559608012.html,0.4814814814814814,65.0,0.0,1.0,-341.99
MAISON FRANCIS KURKDJIAN,BACCARAT ROUGE 540,BACCARAT ROUGE 540 EXTRAIT 5X11ML,406.99,https://www.jomashop.com/maison-francis-kurkdjian-baccarat-rouge-540-extrait-5x11ml-3700559608012.html,0.7058823529411765,,,,
MAISON FRANCIS KURKDJIAN,BACCARAT ROUGE 540 BODY OIL,BACCARAT ROUGE 540 EXTRAIT 5X11ML,406.99,https://www.jomashop.com/maison-francis-kurkdjian-baccarat-rouge-540-extrait-5x11ml-3700559608012.html,0.7,65.0,0.0,2.0,-341.99
MAISON FRANCIS KURKDJIAN,BACCARAT ROUGE 540 EDP,BACCARAT ROUGE 540 EXTRAIT 5X11ML,406.99,https://www.jomashop.com/maison-francis-kurkdjian-baccarat-rouge-540-extrait-5x11ml-3700559608012.html,0.7272727272727273,282.72641907000997,106.83474915725209,15.0,-124.26358092999004
MAISON FRANCIS KURKDJIAN,BACCARAT ROUGE 540 EDP 2021 2,BACCARAT ROUGE 540 EXTRAIT 5X11ML,406.99,https://www.jomashop.com/maison-francis-kurkdjian-baccarat-rouge-540-extrait-5x11ml-3700559608012.html,0.7096774193548387,431.5789473684211,0.0,1.0,24.58894736842109
MAISON FRANCIS KURKDJIAN,BACCARAT ROUGE 540 EXTRAIT,BACCARAT ROUGE 540 EXTRAIT 5X11ML,406.99,https://www.jomashop.com/maison-francis-kurkdjian-baccarat-rouge-540-extrait-5x11ml-3700559608012.html,0.8813559322033898,380.20858730569773,156.12495756673536,29.0,-26.781412694302276
MAISON FRANCIS KURKDJIAN,BACCARAT ROUGE 540 FRAGRANCE RITUAL GIFT SET - 3 PIECE,UNISEX BACCARAT ROUGE 540 SPRAY GIFT SET FRAGRANCES,235.99,https://www.jomashop.com/maison-francis-kurkdjian-unisex-baccarat-rouge-540-spray-gift-set-fragrances-3700559606735.html,0.6285714285714286,220.00000000000003,2.842170943040401e-14,1.0,-15.98999999999998
MAISON FRANCIS KURKDJIAN,BACCARAT ROUGE 540 HAIR MIST,BACCARAT ROUGE 540 EXTRAIT 5X11ML,406.99,https://www.jomashop.com/maison-francis-kurkdjian-baccarat-rouge-540-extrait-5x11ml-3700559608012.html,0.7540983606557377,75.00000000000001,1.4210854715202004e-14,3.0,-331.99
MAISON FRANCIS KURKDJIAN,BR540 EXTRAIT,BACCARAT ROUGE 540 EXTRAIT 5X11ML,406.99,https://www.jomashop.com/maison-francis-kurkdjian-baccarat-rouge-540-extrait-5x11ml-3700559608012.html,0.5652173913043478,277.08541663593724,82.51038443868872,2.0,-129.90458336406277
MAISON FRANCIS KURKDJIAN,GENTLE FLUIDITY,GENTLE FLUIDITY SILVER 6.8 OZ EAU DE PARFUM SPRAY,449.99,https://www.jomashop.com/maison-francis-kurkdjian-gentle-fluidity-silver-6-8-oz-eau-de-parfum-spray-3700559609804.html,0.46875,290.1554404145078,0.0,1.0,-159.83455958549223
MAISON FRANCIS KURKDJIAN,GENTLE FLUIDITY GOLD,GENTLE FLUIDITY SILVER 6.8 OZ EAU DE PARFUM SPRAY,449.99,https://www.jomashop.com/maison-francis-kurkdjian-gentle-fluidity-silver-6-8-oz-eau-de-parfum-spray-3700559609804.html,0.5217391304347826,185.22862288679883,63.7182821947794,14.0,-264.7613771132012
MAISON FRANCIS KURKDJIAN,GENTLE FLUIDITY SILVER,GENTLE FLUIDITY SILVER 6.8 OZ EAU DE PARFUM SPRAY,449.99,https://www.jomashop.com/maison-francis-kurkdjian-gentle-fluidity-silver-6-8-oz-eau-de-parfum-spray-3700559609804.html,0.6197183098591549,133.61890094503912,11.874053386114475,4.0,-316.3710990549609
MAISON FRANCIS KURKDJIAN,OUD EXTRAIT,BACCARAT ROUGE 540 EXTRAIT 5X11ML,406.99,https://www.jomashop.com/maison-francis-kurkdjian-baccarat-rouge-540-extrait-5x11ml-3700559608012.html,0.4545454545454545,213.77137543975908,12.908838171428535,4.0,-193.21862456024093
MAISON FRANCIS KURKDJIAN,OUD SATIN MOOD,OUD SATIN MOOD 6.8 OZ EAU DE PARFUM SPRAY,601.99,https://www.jomashop.com/maison-francis-kurkdjian-oud-satin-mood-6-8-oz-eau-de-parfum-spray-3700559605370.html,0.509090909090909,354.8990202629185,101.90050790566141,4.0,-247.0909797370815
MAISON FRANCIS KURKDJIAN,OUD SATIN MOOD EDP,OUD SATIN MOOD 6.8 OZ EAU DE PARFUM SPRAY,601.99,https://www.jomashop.com/maison-francis-kurkdjian-oud-satin-mood-6-8-oz-eau-de-parfum-spray-3700559605370.html,0.6101694915254238,170.03747804419055,0.24430099524576085,4.0,-431.95252195580946
MAISON FRANCIS KURKDJIAN,OUD SATIN MOOD EXTRAIT,OUD SATIN MOOD 6.8 OZ EAU DE PARFUM SPRAY,601.99,https://www.jomashop.com/maison-francis-kurkdjian-oud-satin-mood-6-8-oz-eau-de-parfum-spray-3700559605370.html,0.5714285714285714,250.8298899893507,6.740705572283038,4.0,-351.1601100106493
MAISON FRANCIS KURKDJIAN,OUD SILK MOOD,OUD SATIN MOOD 6.8 OZ EAU DE PARFUM SPRAY,601.99,https://www.jomashop.com/maison-francis-kurkdjian-oud-satin-mood-6-8-oz-eau-de-parfum-spray-3700559605370.html,0.4074074074074074,181.51348276608329,71.11076490988272,3.0,-420.47651723391675
MAISON FRANCIS KURKDJIAN,OUD SILK MOOD EDP,OUD SATIN MOOD 6.8 OZ EAU DE PARFUM SPRAY,601.99,https://www.jomashop.com/maison-francis-kurkdjian-oud-satin-mood-6-8-oz-eau-de-parfum-spray-3700559605370.html,0.5172413793103449,160.63153354733996,9.493585316859235,4.0,-441.3584664526601
MAISON FRANCIS KURKDJIAN,OUD SILK MOOD EX,OUD SATIN MOOD 6.8 OZ EAU DE PARFUM SPRAY,601.99,https://www.jomashop.com/maison-francis-kurkdjian-oud-satin-mood-6-8-oz-eau-de-parfum-spray-3700559605370.html,0.4561403508771929,220.0,0.0,1.0,-381.99
MAISON FRANCIS KURKDJIAN,OUD SILK MOOD EXTRAIT,OUD SATIN MOOD 6.8 OZ EAU DE PARFUM SPRAY,601.99,https://www.jomashop.com/maison-francis-kurkdjian-oud-satin-mood-6-8-oz-eau-de-parfum-spray-3700559605370.html,0.4838709677419355,193.6378773277766,4.810885763122532,3.0,-408.3521226722234
MAISON FRANCIS KURKDJIAN,OUD SILK MOOD EXTRAIT DE PARFUM,OUD SATIN MOOD 6.8 OZ EAU DE PARFUM SPRAY,601.99,https://www.jomashop.com/maison-francis-kurkdjian-oud-satin-mood-6-8-oz-eau-de-parfum-spray-3700559605370.html,0.6666666666666666,176.76767676767676,0.0,1.0,-425.2223232323232
MAISON FRANCIS KURKDJIAN,OUD VELVET MOOD EX,OUD SATIN MOOD 6.8 OZ EAU DE PARFUM SPRAY,601.99,https://www.jomashop.com/maison-francis-kurkdjian-oud-satin-mood-6-8-oz-eau-de-parfum-spray-3700559605370.html,0.4067796610169492,320.0,0.0,1.0,-281.99
MAISON FRANCIS KURKDJIAN,ROUGE TRAFALGAR,BACCARAT ROUGE 540 EXTRAIT 5X11ML,406.99,https://www.jomashop.com/maison-francis-kurkdjian-baccarat-rouge-540-extrait-5x11ml-3700559608012.html,0.4166666666666667,183.99866953252868,180.6216858406776,3.0,-222.99133046747133
MAISON FRANCIS KURKDJIAN,SATIN MOOD EXTRAIT,OUD SATIN MOOD 6.8 OZ EAU DE PARFUM SPRAY,601.99,https://www.jomashop.com/maison-francis-kurkdjian-oud-satin-mood-6-8-oz-eau-de-parfum-spray-3700559605370.html,0.4745762711864407,275.0,0.0,1.0,-326.99
MAISON FRANCIS KURKDJIAN,SOLEIL NEIGE PARFUM,PARIS GENTLE SILVER EDITION - EAU DE PARFUM 2.4 OZ,229.99,https://www.jomashop.com/maison-francis-kurkdjian-paris-gentle-silver-edition-eau-de-parfum-2-4-oz-3700559607671.html,0.463768115942029,295.0,0.0,2.0,65.00999999999999
MANCERA,AOUD LEMON MINT,UNISEX AOUD LEMON MINT EDP SPRAY 4 OZ (120 ML),76.99,https://www.jomashop.com/mancera-unisex-aoud-lemon-mint-edp-spray-4-oz-fragrances-3760265190164.html,0.4918032786885246,49.08912403185338,0.0,1.0,-27.900875968146615
MANCERA,CEDRAT BOISE,UNISEX CEDRAT BOISE EDP SPRAY 4 OZ (120 ML),73.5,https://www.jomashop.com/mancera-unisex-cedrat-boise-edp-spray-4-oz-fragrances-3760265190485.html,0.4363636363636363,67.40713793127223,3.034532822024405,5.0,-6.092862068727769
MANCERA,CEDRAT BOISE INTENSE,UNISEX CEDRAT BOISE EDP SPRAY 4 OZ (120 ML),73.5,https://www.jomashop.com/mancera-unisex-cedrat-boise-edp-spray-4-oz-fragrances-3760265190485.html,0.4761904761904761,85.0,0.0,2.0,11.5
MANCERA,COSMIC PEPPER,UNISEX COSMIC PEPPER EDP SPRAY 4.0 OZ FRAGRANCES,89.99,https://www.jomashop.com/mancera-unisex-cosmic-pepper-edp-spray-4-0-oz-fragrances-3760265194452.html,0.4262295081967213,45.0,0.0,1.0,-44.989999999999995
MANCERA,FRENCH RIVIERA,UNISEX FRENCH RIVIERA EDP 4.0 OZ FRAGRANCES,114.99,https://www.jomashop.com/mancera-unisex-french-riviera-edp-4-0-oz-fragrances-3760265194230.html,0.4912280701754385,94.39467328077721,3.965164129505448,3.0,-20.595326719222783
MANCERA,INSTANT CRUSH,INSTANT CRUSH / PARIS EDP SPRAY 4.0 OZ (120 ML) (U),89.99,https://www.jomashop.com/instant-crush-mancera-paris-edp-spray-4-0-oz-120-ml-u-3760265193134.html,0.40625,,,,
MANCERA,INTENSE CEDRAT BOISE,UNISEX INTENSE CEDRAT BOISE EDP 4.0 OZ FRAGRANCES,89.99,https://www.jomashop.com/mancera-unisex-intense-cedrat-boise-edp-4-0-oz-fragrances-3760265194032.html,0.5797101449275363,,,,
MANCERA,TONKA COLA,TONKA COLA EDP 4 OZ FRAGRANCES,85.0,https://www.jomashop.com/mancera-mens-tonka-cola-edp-4-oz-fragrances-3760265194391.html,0.5,99.98896249548635,0.4601185371191512,2.0,14.988962495486348
MARC JACOBS,DAISY EAU SO FRESH POP EDT,LADIES DAISY EDT SPRAY 1.0 OZ FRAGRANCES,36.99,https://www.jomashop.com/marc-jacobs-ladies-daisy-edt-spray-1-0-oz-fragrances-3614229159035.html,0.4545454545454545,95.00000000000001,1.4210854715202004e-14,1.0,58.01000000000001
MONTALE,ARABIAN'S TONKA,UNISEX ARABIANS TONKA EDP 1.7 OZ FRAGRANCES,79.99,https://www.jomashop.com/montale-unisex-arabians-tonka-edp-1-7-oz-fragrances-3760260457378.html,0.4827586206896552,17.999999999999996,3.552713678800501e-15,1.0,-61.989999999999995
MONTALE,ARABIANS TONKA,UNISEX ARABIANS TONKA EDP 1.7 OZ FRAGRANCES,79.99,https://www.jomashop.com/montale-unisex-arabians-tonka-edp-1-7-oz-fragrances-3760260457378.html,0.4912280701754385,95.0,0.0,2.0,15.010000000000005
MONTALE,INTENSE CAFE,INTENSE CAFE / EDP SPRAY 3.4 OZ (100 ML) (U),71.99,https://www.jomashop.com/montale-perfume-itces34.html,0.4285714285714285,46.03258759791416,0.7147348009794845,2.0,-25.957412402085836
NISHANE,HUNDRED SILENT WAYS,MEN'S HUNDRED SILENT WAYS EXTRAIT DE PARFUM SPRAY 1.7 OZ FRAGRANCES,128.99,https://www.jomashop.com/nishane-hundred-silent-ways-1-7-oz-edp-spray-8681008055586.html,0.4418604651162791,60.0,0.0,2.0,-68.99000000000001
NISHANE,HUNDRED SILENT WAYS X,MEN'S HUNDRED SILENT WAYS EXTRAIT DE PARFUM SPRAY 1.7 OZ FRAGRANCES,128.99,https://www.jomashop.com/nishane-hundred-silent-ways-1-7-oz-edp-spray-8681008055586.html,0.4772727272727273,165.0,10.0,2.0,36.00999999999999
PACO RABANNE,1 MILLION ELIXIR,1 MILLION / EDT SPRAY 1.7 OZ (M),54.99,https://www.jomashop.com/paco-rabanne-1mimts17-a.html,0.5,77.76583134801437,4.476902579598825,3.0,22.77583134801437
PACO RABANNE,MILLION GOLD,1 MILLION MEN'S / 3.3OZ (100 ML),74.99,https://www.jomashop.com/paco-rabanne-perfume-1mimts33-a.html,0.4545454545454545,85.0,0.0,1.0,10.010000000000005
PACO RABANNE,PHANTOM PARFUM,MEN'S PHANTOM PARFUM SPRAY 3.4 OZ FRAGRANCES,79.99,https://www.jomashop.com/paco-rabanne-mens-phantom-parfum-spray-3-4-oz-fragrances-3349668614592.html,0.4827586206896552,95.00000000000001,1.4210854715202004e-14,1.0,15.01000000000002
PARFUMS DE MARLY,DELINA EXCLUSIF,LADIES DELINA EXCLUSIF EDP SPRAY 1.0 OZ FRAGRANCES,238.5,https://www.jomashop.com/parfums-de-marly-ladies-delina-exclusif-edp-spray-1-0-oz-fragrances-3700578502339.html,0.4615384615384615,171.83543674842673,21.681309659899505,3.0,-66.66456325157327
PARFUMS DE MARLY,DELINA LA ROSEE,DELINA BODY OIL 3.4 OZ FRAGRANCES,99.0,https://www.jomashop.com/parfums-de-marly-delina-edp-oil-3-4-oz-fragrances-3700578521347.html,0.4583333333333333,155.59921377317607,28.724862425785194,7.0,56.599213773176075
PARFUMS DE MARLY,FEM DELINA EXCLUSIF,LADIES DELINA EXCLUSIF EDP SPRAY 1.0 OZ FRAGRANCES,238.5,https://www.jomashop.com/parfums-de-marly-ladies-delina-exclusif-edp-spray-1-0-oz-fragrances-3700578502339.html,0.4927536231884058,167.0,22.0,2.0,-71.5
PARFUMS DE MARLY,FEM DELINA LA ROSEE,UNISEX DELINA HAND CREAM 1 OZ FRAGRANCES,49.5,https://www.jomashop.com/parfums-de-marly-unisex-delina-hand-cream-1-oz-fragrances-3700578521309.html,0.4745762711864407,190.0,0.0,1.0,140.5
PARFUMS DE MARLY,FEM VALAYA EXCLUSIF,LADIES VALAYA EXCLUSIF EDP SPRAY 1.0 OZ FRAGRANCES,238.5,https://www.jomashop.com/parfums-de-marly-ladies-valaya-exclusif-edp-spray-1-0-oz-fragrances-3700578506740.html,0.4927536231884058,220.00000000000003,2.842170943040401e-14,1.0,-18.49999999999997
PARFUMS DE MARLY,LAYTON EXCLUSIF,UNISEX LAYTON EXCLUSIVE EDP SPRAY 4.2 OZ (125 ML),414.0,https://www.jomashop.com/parfums-de-marly-unisex-layton-exclusive-edp-spray-4-2-oz-fragrances-3700578518194.html,0.4375,167.61027889244093,14.880324339632327,4.0,-246.38972110755907
PARFUMS DE MARLY,MEN AKASTER EDP,MEN'S ALTHAIR EDP SPRAY 4.2 OZ,360.0,https://www.jomashop.com/parfums-de-marly-mens-althair-edp-spray-4-2-oz-fragrances-3700578504364.html,0.4888888888888889,250.0,0.0,1.0,-110.0
PARFUMS DE MARLY,MEN LAYTON 2021,MEN'S LAYTON EDP SPRAY 4.2 OZ (125 ML),,https://www.jomashop.com/parfums-de-marly-mens-layton-edp-spray-4-2-oz-fragrances-3700578518002.html,0.490566037735849,198.94736842105263,0.0,1.0,
PARFUMS DE MARLY,MEN SEDLEY 2021,MEN'S SEDLEY EDP SPRAY 4.2 OZ (125 ML),346.5,https://www.jomashop.com/parfums-de-marly-mens-sedley-edp-spray-4-2-oz-fragrances-3700578526007.html,0.490566037735849,205.26315789473685,0.0,1.0,-141.23684210526315
PARFUMS DE MARLY,PEGASUS EXCLUSIF TESTER W CAP,UNISEX LAYTON EXCLUSIVE EDP SPRAY 4.2 OZ (125 ML),414.0,https://www.jomashop.com/parfums-de-marly-unisex-layton-exclusive-edp-spray-4-2-oz-fragrances-3700578518194.html,0.4102564102564102,149.0,0.0,1.0,-265.0
PARFUMS DE MARLY,PERCIVAL 2018,MEN'S PERCIVAL EDP SPRAY 4.2 OZ (125 ML),,https://www.jomashop.com/parfums-de-marly-mens-percival-edp-spray-4-2-oz-fragrances-3700578523006.html,0.4150943396226415,250.0,0.0,1.0,
PARFUMS DE MARLY,PERCIVAL TESTER W CAP,MEN'S PERCIVAL EDP SPRAY 4.2 OZ (125 ML),,https://www.jomashop.com/parfums-de-marly-mens-percival-edp-spray-4-2-oz-fragrances-3700578523006.html,0.4590163934426229,170.0,0.0,1.0,
PARFUMS DE MARLY,VALAYA EXCLUSIF,LADIES VALAYA EXCLUSIF EDP SPRAY 1.0 OZ FRAGRANCES,238.5,https://www.jomashop.com/parfums-de-marly-ladies-valaya-exclusif-edp-spray-1-0-oz-fragrances-3700578506740.html,0.4615384615384615,215.47271524703228,20.429246426095187,9.0,-23.027284752967716
PENHALIGON'S,BEWITCHING YASMINE,LADIES THE BEWITCHING YASMINE EDP SPRAY 2.5 OZ,189.0,https://www.jomashop.com/penhaligons-ladies-portraits-the-bewitching-yasmine-edp-spray-2-5-oz-fragrances-5056245021190.html,0.5625,225.0,0.0,2.0,36.0
PENHALIGON'S,HALFETI CEDAR,- HALFETI CEDAR EAU DE PARFUM SPRAY 100ML / 3.4OZ,199.5,https://www.jomashop.com/penhaligons-halfeti-cedar-eau-de-parfum-spray-100ml-3-4oz-5056245010989.html,0.4193548387096774,190.0,0.0,2.0,-9.5
PENHALIGON'S,HALFETI LEATHER,HALFETI LEATHER EDP SPRAY 3.4 OZ FRAGRANCES,194.99,https://www.jomashop.com/penhaligons-halfeti-leather-edp-spray-3-4-oz-fragrances-5056245021572.html,0.5172413793103449,200.0,0.0,2.0,5.009999999999991
PENHALIGON'S,THE TRAGEDY OF LORD GEORGE,MEN'S PORTRAITS TRAGEDY OF LORD GEORGE EDP 2.5 OZ FRAGRANCES 5056245021220,174.99,https://www.jomashop.com/penhaligons-mens-portraits-tradegy-of-lord-george-edp-2-5-oz-fragrances-793675976069.html,0.48,197.49999999999997,7.5,2.0,22.509999999999962
PRADA,FLEUR DE ORANGEE,LADIES PARADOXE EDP 1.7 OZ FRAGRANCES,84.99,https://www.jomashop.com/prada-ladies-paradoxe-edp-1-7-oz-fragrances-3614273760652.html,0.4150943396226415,300.0,0.0,1.0,215.01
PRADA,L'HOMME INTENSE EDP,MEN'S L'HOMME INTENSE EDP SPRAY 3.4 OZ (100 ML),84.99,https://www.jomashop.com/prada-mens-prada-lhomme-intense-edp-spray-3-4-oz-fragrances-8435137764730.html,0.5757575757575758,83.99999999999999,1.4210854715202004e-14,3.0,-0.9900000000000091
PRADA,LUNA ROSSA BLACK,LUNA ROSSA BLACK / EDP SPRAY 3.4 OZ (100 ML) (M),89.99,https://www.jomashop.com/prada-perfume-prbmes34.html,0.5,72.15887758701157,11.524167311284703,4.0,-17.83112241298842
PRADA,LUNA ROSSA CARBON,LUNA ROSSA CARBON / EDT SPRAY 1.7 OZ (50 ML) (M),51.99,https://www.jomashop.com/prada-luna-rossa-carbon-prada-edt-spray-1-7-oz-50-ml-m-plcmts17.html,0.5230769230769231,75.94031909821013,1.117916422434629,3.0,23.950319098210123
PRADA,LUNA ROSSA EAU SPORT,MEN'S LUNA ROSSA OCEAN EDP SPRAY 3.38 OZ FRAGRANCES,84.99,https://www.jomashop.com/prada-mens-luna-rossa-ocean-edp-spray-3-38-oz-fragrances-3614273768832.html,0.5070422535211268,85.0,0.0,1.0,0.010000000000005116
PRADA,LUNA ROSSA EDP,LUNA ROSSA BLACK / EDP SPRAY 3.4 OZ (100 ML) (M),89.99,https://www.jomashop.com/prada-perfume-prbmes34.html,0.4516129032258064,,,,
PRADA,LUNA ROSSA EDT,LUNA ROSSA CARBON / EDT SPRAY 1.7 OZ (50 ML) (M),51.99,https://www.jomashop.com/prada-luna-rossa-carbon-prada-edt-spray-1-7-oz-50-ml-m-plcmts17.html,0.4516129032258064,69.87430978121654,9.458658054288842,2.0,17.884309781216537
PRADA,LUNA ROSSA OCEAN EDP,MEN'S LUNA ROSSA OCEAN EDP SPRAY 3.38 OZ FRAGRANCES,84.99,https://www.jomashop.com/prada-mens-luna-rossa-ocean-edp-spray-3-38-oz-fragrances-3614273768832.html,0.5633802816901409,85.0,0.0,1.0,0.010000000000005116
PRADA,LUNA ROSSA OCEAN LE PARFUM,MEN'S LUNA ROSSA OCEAN EAU DE PARFUM EDP 1.7 OZ FRAGRANCES,59.99,https://www.jomashop.com/prada-mens-luna-rossa-ocean-eau-de-parfum-edp-1-7-oz-fragrances-3614273768825-123173.html,0.5952380952380952,94.00000000000001,1.4210854715202004e-14,2.0,34.01000000000001
PRADA,LUNA ROSSA SPORT,MEN'S LUNA ROSSA BLACK EDP SPRAY 1.7 OZ FRAGRANCES,69.99,https://www.jomashop.com/luna-rossa-black-by-prada-for-men-1-7-oz-edp-spray-8435137782970.html,0.4545454545454545,72.49999999999999,3.4999999999999996,4.0,2.509999999999991
PRADA,L’HOMME INTENSE,MEN'S L'HOMME INTENSE EDP SPRAY 3.4 OZ (100 ML),84.99,https://www.jomashop.com/prada-mens-prada-lhomme-intense-edp-spray-3-4-oz-fragrances-8435137764730.html,0.4516129032258064,20.0,0.0,1.0,-64.99
PRADA,PARADOXE EDP,LADIES PARADOXE EDP 1.7 OZ FRAGRANCES,84.99,https://www.jomashop.com/prada-ladies-paradoxe-edp-1-7-oz-fragrances-3614273760652.html,0.4897959183673469,60.0,0.0,1.0,-24.989999999999995
PRADA,PRADA LUNA ROSSA BLACK,MEN'S LUNA ROSSA BLACK EDP SPRAY 1.7 OZ FRAGRANCES,69.99,https://www.jomashop.com/luna-rossa-black-by-prada-for-men-1-7-oz-edp-spray-8435137782970.html,0.4722222222222222,,,,
RALPH LAUREN,POLO 67 EDP,MEN'S POLO 67 EDT 2.5 OZ FRAGRANCES,49.99,https://www.jomashop.com/ralph-lauren-mens-polo-67-edt-2-5-oz-fragrances-3605972910264.html,0.4347826086956521,4.5,0.0,1.0,-45.49
RALPH LAUREN,POLO 67 EDT,MEN'S POLO 67 EDT 2.5 OZ FRAGRANCES,49.99,https://www.jomashop.com/ralph-lauren-mens-polo-67-edt-2-5-oz-fragrances-3605972910264.html,0.4782608695652174,3.5,0.0,1.0,-46.49
RALPH LAUREN,POLO RED RACING,MEN'S POLO 67 EDT 2.5 OZ FRAGRANCES,49.99,https://www.jomashop.com/ralph-lauren-mens-polo-67-edt-2-5-oz-fragrances-3605972910264.html,0.44,80.0,0.0,1.0,30.009999999999998
RALPH LAUREN,RALPH'S CLUB NEW YORK,MEN'S RALPH'S CLUB PARFUM GIFT SET FRAGRANCES,59.99,https://www.jomashop.com/ralph-lauren-mens-ralphs-club-gift-set-fragrances-3605972784513.html,0.4545454545454545,,,,
TOM FORD,BLACK ORCHID,BLACK ORCHID / EDP SPRAY 1.0 OZ (U),69.99,https://www.jomashop.com/tom-ford-bldes1.html,0.5106382978723404,110.0,24.999999999999996,4.0,40.010000000000005
TOM FORD,BLACK ORCHID EDP,BLACK ORCHID / EDP SPRAY 1.0 OZ (U),69.99,https://www.jomashop.com/tom-ford-bldes1.html,0.6274509803921569,,,,
TOM FORD,BLACK ORCHID PARFUM,- BLACK ORCHID PARFUM SPRAY 100ML/3.4OZ,154.99,https://www.jomashop.com/tom-ford-black-orchid-parfum-spray-100ml-3-4oz-888066112727.html,0.6551724137931034,118.83013615923511,25.057494180647698,7.0,-36.1598638407649
TOM FORD,BOIS PACIFIQUE,UNISEX BOIS PACIFIQUE EDP SPRAY 1.7 OZ FRAGRANCES,124.99,https://www.jomashop.com/tom-ford-unisex-bois-pacifique-edp-spray-1-7-oz-fragrances-888066151962.html,0.4444444444444444,154.18134502180135,13.992245442224782,7.0,29.191345021801354
TOM FORD,COSTA AZZURA ACQU,UNISEX COSTA AZZURRA PARFUM 3.4 OZ FRAGRANCES,174.99,https://www.jomashop.com/tom-ford-costa-azzura-parfum-edp-3-4-oz-fragrances-888066136785.html,0.4838709677419355,,,,
TOM FORD,COSTA AZZURRA,UNISEX COSTA AZZURRA PARFUM 3.4 OZ FRAGRANCES,174.99,https://www.jomashop.com/tom-ford-costa-azzura-parfum-edp-3-4-oz-fragrances-888066136785.html,0.4482758620689655,155.0,0.0,2.0,-19.99000000000001
TOM FORD,COSTA AZZURRA EDP,- COSTA AZZURRA EAU DE PARFUM SPRAY (GOLD) 50ML/1.7OZ,99.99,https://www.jomashop.com/tom-ford-costa-azzurra-eau-de-parfum-spray-gold-50ml-1-7oz-888066117463.html,0.4857142857142857,130.0,0.0,1.0,30.010000000000005
TOM FORD,COSTA AZZURRA PARFUM,UNISEX COSTA AZZURRA PARFUM 3.4 OZ FRAGRANCES,174.99,https://www.jomashop.com/tom-ford-costa-azzura-parfum-edp-3-4-oz-fragrances-888066136785.html,0.6153846153846154,150.0,0.0,1.0,-24.99000000000001
TOM FORD,EAU DE SOLEIL BLANC,UNISEX PRIVATE BLEND SOLEIL BLANC EDP SPRAY 1 OZ FRAGRANCES,139.99,https://www.jomashop.com/tom-ford-unisex-private-blend-soleil-blanc-edp-spray-1-oz-fragrances-888066080729.html,0.4358974358974359,88.64565376202312,21.323507143470014,4.0,-51.34434623797689
TOM FORD,EAU DE SOLIEL BLANC,UNISEX OUD WOOD EDP SPRAY 3.4 OZ PRIVATE BLEND,244.99,https://www.jomashop.com/tom-ford-unisex-oud-wood-edp-spray-3-4-oz-fragrances-888066024099.html,0.4307692307692308,114.5,15.499999999999998,4.0,-130.49
TOM FORD,FCKING FABULOUS,MEN'S FUCKING FABULOUS EDP SPRAY 1.7 OZ PRIVATE BLEND,241.99,https://www.jomashop.com/tom-ford-mens-fucking-fabulous-edp-spray-1-7-oz-fragrances-888066075848.html,0.4411764705882353,148.92857142857142,26.575364531836627,8.0,-93.06142857142859
TOM FORD,FUCKING FABULOUS,MEN'S FUCKING FABULOUS EDP SPRAY 1.7 OZ PRIVATE BLEND,241.99,https://www.jomashop.com/tom-ford-mens-fucking-fabulous-edp-spray-1-7-oz-fragrances-888066075848.html,0.463768115942029,192.6324826175318,43.22820430894139,5.0,-49.35751738246822
TOM FORD,FUCKING FABULOUS PARFUM,MEN'S FUCKING FABULOUS EDP SPRAY 1.7 OZ PRIVATE BLEND,241.99,https://www.jomashop.com/tom-ford-mens-fucking-fabulous-edp-spray-1-7-oz-fragrances-888066075848.html,0.5263157894736842,,,,
TOM FORD,GREY VETIVER EDP,GREY VETIVER PARFUM SPRAY 3.4 OZ FRAGRANCES,171.99,https://www.jomashop.com/tom-ford-grey-vetiver-parfum-edp-spray-3-4-oz-fragrances-888066124041.html,0.4745762711864407,77.41886476664605,4.37596769191436,3.0,-94.57113523335396
TOM FORD,GREY VETIVER PARFUM,GREY VETIVER PARFUM SPRAY 3.4 OZ FRAGRANCES,171.99,https://www.jomashop.com/tom-ford-grey-vetiver-parfum-edp-spray-3-4-oz-fragrances-888066124041.html,0.6129032258064516,105.0,0.0,2.0,-66.99000000000001
TOM FORD,LOST CHERRY,LOST CHERRY BODY SPRAY 5.0 OZ FRAGRANCES,97.5,https://www.jomashop.com/tom-ford-lost-cherry-body-spray-5-0-oz-fragrances-888066107938.html,0.4313725490196078,256.76921631528876,154.61301856275833,11.0,159.26921631528876
TOM FORD,LOST CHERRY 1,LOST CHERRY BODY SPRAY 5.0 OZ FRAGRANCES,97.5,https://www.jomashop.com/tom-ford-lost-cherry-body-spray-5-0-oz-fragrances-888066107938.html,0.4528301886792453,277.77777777777777,0.0,1.0,180.27777777777777
TOM FORD,LOST CHERRY SET LIMITED EDITION,"LOST CHERRY EAU DE PARFUM, 1.7OZ PRIVATE BLEND",215.0,https://www.jomashop.com/tom-ford-lost-cherry-eau-de-parfum-1-7oz-888066082341.html,0.4675324675324675,290.0,0.0,2.0,75.0
TOM FORD,NEROLI PORTOFINO,NEROLI PORTOFINO EAU DE PARFUM SPRAY 3.4 OZ PRIVATE BLEND,265.0,https://www.jomashop.com/tom-ford-neroli-portofino-eau-de-parfum-spray-888066008457.html,0.4383561643835616,20.0,0.0,1.0,-245.0
TOM FORD,NOIR EXTREME,MEN'S NOIR EXTREME EDP 5.0 OZ FRAGRANCES,199.99,https://www.jomashop.com/tom-ford-mens-noir-extreme-edp-5-0-oz-fragrances-888066130714.html,0.4615384615384615,108.82578647181754,23.501681661901355,5.0,-91.16421352818247
TOM FORD,NOIR EXTREME EDP,MEN'S NOIR EXTREME EDP 5.0 OZ FRAGRANCES,199.99,https://www.jomashop.com/tom-ford-mens-noir-extreme-edp-5-0-oz-fragrances-888066130714.html,0.5714285714285714,,,,
TOM FORD,NOIR EXTREME EDP GIFT SET,MEN'S NOIR EXTREME EDP 5.0 OZ FRAGRANCES,199.99,https://www.jomashop.com/tom-ford-mens-noir-extreme-edp-5-0-oz-fragrances-888066130714.html,0.5846153846153846,140.0,0.0,1.0,-59.99000000000001
TOM FORD,NOIR EXTREME PARFUM,MEN'S NOIR EXTREME EDP 5.0 OZ FRAGRANCES,199.99,https://www.jomashop.com/tom-ford-mens-noir-extreme-edp-5-0-oz-fragrances-888066130714.html,0.5423728813559322,160.0,0.0,2.0,-39.99000000000001
TOM FORD,OMBRE LEATHER,OMBRE LEATHER EAU DE PARFUM SPRAY 3.4 OZ,145.0,https://www.jomashop.com/tom-ford-ombre-leather-eau-de-parfum-spray-888066075145.html,0.490566037735849,143.13185637597405,16.87453906589863,8.0,-1.8681436240259472
TOM FORD,OMBRE LEATHER PARFUM,OMBRE LEATHER EAU DE PARFUM SPRAY 3.4 OZ,145.0,https://www.jomashop.com/tom-ford-ombre-leather-eau-de-parfum-spray-888066075145.html,0.6666666666666666,138.913321386318,31.39853335464972,5.0,-6.086678613682011
TOM FORD,OMBRE LEATHER PARFUMS,OMBRE LEATHER EAU DE PARFUM SPRAY 3.4 OZ,145.0,https://www.jomashop.com/tom-ford-ombre-leather-eau-de-parfum-spray-888066075145.html,0.6885245901639344,160.0,0.0,1.0,15.0
TOM FORD,OMBRÉ LEATHER,OMBRE LEATHER EAU DE PARFUM SPRAY 3.4 OZ,145.0,https://www.jomashop.com/tom-ford-ombre-leather-eau-de-parfum-spray-888066075145.html,0.4528301886792453,,,,
TOM FORD,OMBRÉ LEATHER PARFUM,OMBRE LEATHER EAU DE PARFUM SPRAY 3.4 OZ,145.0,https://www.jomashop.com/tom-ford-ombre-leather-eau-de-parfum-spray-888066075145.html,0.6333333333333333,,,,
TOM FORD,SOLEIL BLANC EDP,UNISEX PRIVATE BLEND SOLEIL BLANC EDP SPRAY 1 OZ FRAGRANCES,139.99,https://www.jomashop.com/tom-ford-unisex-private-blend-soleil-blanc-edp-spray-1-oz-fragrances-888066080729.html,0.4266666666666667,102.04081632653062,0.0,3.0,-37.94918367346939
TOM FORD,VELVET ORCHID EDP,BLACK ORCHID / EDP SPRAY 1.0 OZ (U),69.99,https://www.jomashop.com/tom-ford-bldes1.html,0.4615384615384615,85.0,0.0,1.0,15.010000000000005
VERSACE,BRIGHT CRYSTAL PARFUM,BRIGHT CRYSTAL / EDT SPRAY 1.0 OZ (W),29.95,https://www.jomashop.com/versace-perfume-brcts1.html,0.5862068965517241,80.0,0.0,1.0,50.05
VERSACE,DYLAN BLUE,DYLAN BLUE / SET (M),54.97,https://www.jomashop.com/versace-dylan-blue-versace-set-m-vdbm5.html,0.6666666666666666,20.0,0.0,1.0,-34.97
VERSACE,POUR HOMME,SIGNATURE HOMME BY SET (M),46.99,https://www.jomashop.com/versace-beauty-and-personal-care-vsim2.html,0.4444444444444444,46.86120926278887,28.154031790816894,9.0,-0.12879073721113343
VIKTOR & ROLF,FLOWERBOMB EXTREME,LADIES FLOWERBOMB GIFT SET FRAGRANCES,99.99,https://www.jomashop.com/viktor-rolf-ladies-flowerbomb-gift-set-fragrances-3614273581134.html,0.5454545454545454,100.0,0.0,1.0,0.010000000000005116
VIKTOR & ROLF,SPICEBOMB EXTREME,SPICEBOMB EXTREME / EDP SPRAY 1.7 OZ (50 ML) (M),66.99,https://www.jomashop.com/viktor-rolf-fragrances-spxmts17-1-7oz.html,0.5230769230769231,77.82249746654482,7.493063150946493,4.0,10.832497466544822
VIKTOR & ROLF,SPICEBOMB INFRARED,MEN'S SPICEBOMB EDT 0.24 OZ FRAGRANCES,15.99,https://www.jomashop.com/viktor-rolf-mens-spicebomb-edt-0-24-oz-fragrances-3605522085169-123638.html,0.5357142857142857,56.31578947368421,3.6842105263157876,2.0,40.32578947368421
VIKTOR & ROLF,SPICEBOMB INFRARED EDT,MEN'S SPICEBOMB EDT 0.24 OZ FRAGRANCES,15.99,https://www.jomashop.com/viktor-rolf-mens-spicebomb-edt-0-24-oz-fragrances-3605522085169-123638.html,0.5,30.303030303030305,0.0,1.0,14.313030303030304
VIKTOR & ROLF,SPICEBOMB NIGHT VISION EDP,SPICEBOMB NIGHT VISION / EDT SPRAY 1.7 OZ (50 ML) (M),49.99,https://www.jomashop.com/spicebomb-night-vision-viktor-rolf-edt-spray-1-7-oz-50-ml-m-3614272191549.html,0.6582278481012658,,,,
XERJOFF,CASAMORATIO 1888,LADIES CASAMORATI 1888 DAMA BIANCA EDP 3.4 OZ (100 ML),174.99,https://www.jomashop.com/xerjoff-ladies-casamorati-1888-dama-bianca-edp-3-4-oz-fragrances-8033488151652.html,0.4285714285714285,60.0,0.0,1.0,-114.99000000000001
XERJOFF,DAMA BIANCA EDP,LADIES CASAMORATI DAMA BIANCA EDP 1.0 OZ FRAGRANCES,94.99,https://www.jomashop.com/xerjoff-ladies-casamorati-1888-dama-bianca-edp-1-0-oz-fragrances-8033488154523.html,0.4545454545454545,158.5,6.5,4.0,63.510000000000005
XERJOFF,MEFISTO GENTILUOMO EDP,MEN'S CASAMORATI MEFISTO GENTILUOMO EDP SPRAY 3.4 OZ FRAGRANCES,169.99,https://www.jomashop.com/xerjoff-casamorati-1888-mefisto-gentiluomo-3-4-oz-edp-spray-8033488158057.html,0.5176470588235295,157.5,7.5,4.0,-12.490000000000009
XERJOFF,RENAISSANCE,RENAISSANCE DEODORANT 3.4 OZ FRAGRANCES,29.99,https://www.jomashop.com/xerjoff-renaissance-deodorant-3-4-oz-fragrances-8054320903406.html,0.44,126.31578947368422,0.0,1.0,96.32578947368422
XERJOFF,TONY IOMMI MONKEY,UNISEX TONY IOMMI MONKEY SPECIAL EDP SPRAY 3.4 OZ FRAGRANCES,264.99,https://www.jomashop.com/xerjoff-unisex-tony-iommi-monkey-special-edp-spray-3-4-oz-fragrances-8054320902447.html,0.4415584415584415,158.83684150395888,4.497008491302009,2.0,-106.15315849604113
XERJOFF,TONY IOMMY MONKEY SPECIAL,UNISEX TONY IOMMI MONKEY SPECIAL EDP SPRAY 3.4 OZ FRAGRANCES,264.99,https://www.jomashop.com/xerjoff-unisex-tony-iommi-monkey-special-edp-spray-3-4-oz-fragrances-8054320902447.html,0.5647058823529412,,,,
XERJOFF,TORINO 2021,UNISEX ATP TORINO 22 EDP 1.7 OZ,150.0,https://www.jomashop.com/xerjoff-unisex-atp-torino-22-edp-1-7-oz-fragrances-8054320901877.html,0.4761904761904761,,,,
XERJOFF,TORINO 21,UNISEX ATP TORINO 22 EDP 1.7 OZ,150.0,https://www.jomashop.com/xerjoff-unisex-atp-torino-22-edp-1-7-oz-fragrances-8054320901877.html,0.45,169.8750549898438,24.245773533678605,7.0,19.87505498984379
XERJOFF,TORINO 22,UNISEX ATP TORINO 22 EDP 1.7 OZ,150.0,https://www.jomashop.com/xerjoff-unisex-atp-torino-22-edp-1-7-oz-fragrances-8054320901877.html,0.45,143.21453880346897,6.795078258005737,3.0,-6.785461196531031
YVES SAINT LAURENT,BABYCAT RAW BOURBAN,UNISEX BABYCAT EDP 4.2 OZ FRAGRANCES,317.99,https://www.jomashop.com/yves-saint-laurent-unisex-babycat-edp-4-2-oz-fragrances-3614273355568.html,0.4727272727272727,,,,
YVES SAINT LAURENT,BABYCAT RAW BOURBON,UNISEX BABYCAT EDP 4.2 OZ FRAGRANCES,317.99,https://www.jomashop.com/yves-saint-laurent-unisex-babycat-edp-4-2-oz-fragrances-3614273355568.html,0.4363636363636363,240.5833361547128,3.7975906955179077,2.0,-77.4066638452872
YVES SAINT LAURENT,BLACK OPIUM,LADIES BLACK OPIUM GIFT SET FRAGRANCES,99.99,https://www.jomashop.com/yves-saint-laurent-ladies-black-opium-gift-set-fragrances-3614273733496.html,0.4489795918367347,,,,
YVES SAINT LAURENT,BLACK OPIUM EDP,BLACK OPIUM / YSL EDP SPRAY 1.0 OZ (30 ML) (W),59.99,https://www.jomashop.com/ysl-fragrances-bloes1-a-1-0oz.html,0.4918032786885246,90.0,0.0,1.0,30.009999999999998
YVES SAINT LAURENT,BLACK OPIUM GLITTER,LADIES BLACK OPIUM GIFT SET FRAGRANCES,99.99,https://www.jomashop.com/yves-saint-laurent-ladies-black-opium-gift-set-fragrances-3614273733496.html,0.5964912280701754,120.0,0.0,1.0,20.010000000000005
YVES SAINT LAURENT,BLACK OPIUM ILLICIT GREEN,LADIES BLACK OPIUM GIFT SET FRAGRANCES,99.99,https://www.jomashop.com/yves-saint-laurent-ladies-black-opium-gift-set-fragrances-3614273733496.html,0.5714285714285714,85.0,0.0,1.0,-14.989999999999995
YVES SAINT LAURENT,BLACK OPIUM LE PARFUM,LADIES BLACK OPIUM LE PARFUM EDP SPRAY 1.7 OZ FRAGRANCES,92.99,https://www.jomashop.com/yves-saint-laurent-ladies-black-opium-le-parfum-edp-spray-1-7-oz-fragrances-3614273863377.html,0.5454545454545454,87.5,12.499999999999998,2.0,-5.489999999999995
YVES SAINT LAURENT,BLACK OPIUM OVER RED,LADIES BLACK OPIUM OVER RED EDP 1.7 OZ FRAGRANCES,74.99,https://www.jomashop.com/yves-saint-laurent-ladies-black-opium-over-red-edp-1-7-oz-fragrances-3614274076578.html,0.5797101449275363,105.0,5.0,2.0,30.010000000000005
YVES SAINT LAURENT,EAU DE PARFUM INTENSE,- LIBRE EAU DE PARFUM INTENSE SPRAY 50ML / 1.6OZ,94.99,https://www.jomashop.com/yves-saint-laurent-libre-eau-de-parfum-intense-spray-50ml-1-6oz-3614273069540.html,0.6086956521739131,75.0,0.0,1.0,-19.989999999999995
YVES SAINT LAURENT,L'HOMME EDP,L'HOMME / YSL EDT SPRAY 2.0 OZ (M),51.99,https://www.jomashop.com/ysl-lhomts2-a.html,0.4888888888888889,75.0,0.0,1.0,23.009999999999998
YVES SAINT LAURENT,L'HOMME EDT,L'HOMME / YSL EDT SPRAY 2.0 OZ (M),51.99,https://www.jomashop.com/ysl-lhomts2-a.html,0.4888888888888889,51.02040816326531,0.0,1.0,-0.9695918367346934
YVES SAINT LAURENT,LA NUIT DE HOMME,LANUIT DE LHOMME / YSL EDT SPRAY 2.0 OZ (M),59.99,https://www.jomashop.com/ysl-perfume-latmts2.html,0.5084745762711864,,,,
YVES SAINT LAURENT,LA NUIT DE L'HOMME,LANUIT DE LHOMME / YSL EDT SPRAY 2.0 OZ (M),59.99,https://www.jomashop.com/ysl-perfume-latmts2.html,0.5245901639344263,133.34108347173216,58.85634770682669,3.0,73.35108347173215
YVES SAINT LAURENT,LA NUIT DE L'HOMME EDT,LANUIT DE LHOMME / YSL EDT SPRAY 2.0 OZ (M),59.99,https://www.jomashop.com/ysl-perfume-latmts2.html,0.6153846153846154,45.45454545454545,0.0,1.0,-14.535454545454549
YVES SAINT LAURENT,LA NUIT DE L'HOMME FROZEN COLOGNE,LANUIT DE LHOMME / YSL EDT SPRAY 2.0 OZ (M),59.99,https://www.jomashop.com/ysl-perfume-latmts2.html,0.5526315789473685,211.11111111111111,0.0,1.0,151.1211111111111
YVES SAINT LAURENT,LA NUIT DE LHOMME 2018,LANUIT DE LHOMME / YSL EDT SPRAY 2.0 OZ (M),59.99,https://www.jomashop.com/ysl-perfume-latmts2.html,0.5846153846153846,118.91891891891892,0.0,1.0,58.92891891891892
YVES SAINT LAURENT,LA NUIT DE L’HOMME,LANUIT DE LHOMME / YSL EDT SPRAY 2.0 OZ (M),59.99,https://www.jomashop.com/ysl-perfume-latmts2.html,0.5245901639344263,57.89473684210527,0.0,1.0,-2.0952631578947347
YVES SAINT LAURENT,LE PARFUM,MEN'S Y LE PARFUM 3.3 OZ FRAGRANCES,130.99,https://www.jomashop.com/yves-saint-laurent-y-le-parfum-eau-de-parfum-spray-100ml-3-4oz-3614273318105.html,0.4090909090909091,80.0,0.0,1.0,-50.99000000000001
YVES SAINT LAURENT,LIBRE EDP,LADIES EDP SPRAY 1.7 OZ,94.97,https://www.jomashop.com/yves-saint-laurent-ladies-edp-spray-1-7-oz-3614273923859.html,0.4375,80.0,10.0,2.0,-14.969999999999999
YVES SAINT LAURENT,LIBRE EDP INTENSE,- LIBRE EAU DE PARFUM INTENSE SPRAY 50ML / 1.6OZ,94.99,https://www.jomashop.com/yves-saint-laurent-libre-eau-de-parfum-intense-spray-50ml-1-6oz-3614273069540.html,0.5230769230769231,107.14285714285714,0.0,1.0,12.152857142857144
YVES SAINT LAURENT,LIBRE FLOWERS AND FLAME,LADIES LIBRE FLOWERS & FLAMES EDP SPRAY 1.7 OZ FRAGRANCES,89.99,https://www.jomashop.com/yves-saint-laurent-libre-flowers-flames-edp-spray-1-7-oz-fragrances-3614274151152.html,0.5,90.0,0.0,1.0,0.010000000000005116
YVES SAINT LAURENT,LIBRE L'ABSOLU PLATINE,LADIES LIBRE L'ABSOLU PLATINE PARFUM SPRAY 3.0 OZ FRAGRANCES,134.99,https://www.jomashop.com/yves-saint-laurent-ladies-libre-labsolu-platine-parfum-spray-3-0-oz-fragrances-3614273924030.html,0.5365853658536586,145.0,0.0,1.0,10.009999999999991
YVES SAINT LAURENT,LNDL LE PARFUM,LADIES LIBRE LE PARFUM 3.04 OZ FRAGRANCES,109.0,https://www.jomashop.com/yves-saint-laurent-ladies-libre-le-parfum-3-04-oz-fragrances-3614273776127.html,0.4727272727272727,75.0,0.0,1.0,-34.0
YVES SAINT LAURENT,MON PARIS INTENSEMENT,MEN'S Y EAU DE PARFUM INTENSE EDP SPRAY 2.0 OZ FRAGRANCES,74.99,https://www.jomashop.com/yves-saint-laurent-mens-y-eau-de-parfum-intense-edp-spray-2-0-oz-fragrances-3614273898461.html,0.4102564102564102,65.0,0.0,1.0,-9.989999999999995
YVES SAINT LAURENT,MYSLF EDP TRAVEL SPRAY,MEN'S MYSLF EDP SPRAY 2 OZ FRAGRANCES,79.99,https://www.jomashop.com/yves-saint-laurent-mens-myslf-edp-spray-2-oz-fragrances-3614273852821.html,0.5084745762711864,19.0,0.0,2.0,-60.989999999999995
YVES SAINT LAURENT,MYSLF LE PARFUM,MEN'S MYSLF LE PARFUM 3.3 OZ FRAGRANCES,125.0,https://www.jomashop.com/yves-saint-laurent-mens-myslf-le-parfum-3-3-oz-fragrances-3614274114645.html,0.5555555555555556,62.0,0.0,1.0,-63.0
YVES SAINT LAURENT,Y EAU FRAICHE,MEN'S Y LE PARFUM 3.3 OZ FRAGRANCES,130.99,https://www.jomashop.com/yves-saint-laurent-y-le-parfum-eau-de-parfum-spray-100ml-3-4oz-3614273318105.html,0.4583333333333333,10.0,0.0,1.0,-120.99000000000001
YVES SAINT LAURENT,Y EDP INTENSE,MEN'S Y EDP 5.0 OZ REFILL FRAGRANCES,109.99,https://www.jomashop.com/yves-saint-laurent-mens-y-edp-5-0-oz-refill-fragrances-3614274057348.html,0.4081632653061224,110.0,0.0,1.0,0.010000000000005116
YVES SAINT LAURENT,Y LE PARFUM,MEN'S Y LE PARFUM 3.3 OZ FRAGRANCES,130.99,https://www.jomashop.com/yves-saint-laurent-y-le-parfum-eau-de-parfum-spray-100ml-3-4oz-3614273318105.html,0.4782608695652174,71.79797979797979,3.070707070707067,2.0,-59.19202020202022
YVES SAINT LAURENT,Y LE PARFUM 2021,MEN'S Y EAU DE PARFUM 2 OZ SPRAY,74.99,https://www.jomashop.com/yves-saint-laurent-men-s-y-eau-de-parfum-3614272050341.html,0.5,90.0,0.0,1.0,15.010000000000005
YVES SAINT LAURENT,Y LE PARFUM YVES,MEN'S Y LE PARFUM 3.3 OZ FRAGRANCES,130.99,https://www.jomashop.com/yves-saint-laurent-y-le-parfum-eau-de-parfum-spray-100ml-3-4oz-3614273318105.html,0.5490196078431373,,,,
YVES SAINT LAURENT,YSL BLOUSE ANGELIQUE,LADIES BLACK OPIUM GIFT SET FRAGRANCES,99.99,https://www.jomashop.com/yves-saint-laurent-ladies-black-opium-gift-set-fragrances-3614273733496.html,0.4137931034482758,163.26530612244898,0.0,1.0,63.27530612244898
